scenario,seed,policy,step_limit,final_alive,final_reached,final_avg_exposure,alive_rate,reached_rate,avg_exposure_total,t90_step,t95_step,faculty_reached_rate,staff_reached_rate,reach_rate_gap,top_bottlenecks,persona_part_time_student_reached_rate,persona_part_time_student_count,persona_young_student_reached_rate,persona_young_student_count,persona_student_with_anxiety_reached_rate,persona_student_with_anxiety_count,persona_facilities_staff_reached_rate,persona_facilities_staff_count,persona_visitor_reached_rate,persona_visitor_count,persona_international_student_reached_rate,persona_international_student_count,persona_junior_faculty_reached_rate,persona_junior_faculty_count,persona_senior_faculty_reached_rate,persona_senior_faculty_count,persona_student_athlete_reached_rate,persona_student_athlete_count,persona_it_staff_reached_rate,persona_it_staff_count,persona_staff_admin_reached_rate,persona_staff_admin_count,persona_mobility_impaired_reached_rate,persona_mobility_impaired_count,persona_research_scientist_reached_rate,persona_research_scientist_count,persona_conference_attendee_reached_rate,persona_conference_attendee_count,persona_freshman_student_reached_rate,persona_freshman_student_count,persona_campus_security_reached_rate,persona_campus_security_count,persona_healthcare_staff_reached_rate,persona_healthcare_staff_count,persona_graduate_student_reached_rate,persona_graduate_student_count,persona_adjunct_instructor_reached_rate,persona_adjunct_instructor_count,role_student_reached_rate,role_student_count,role_staff_reached_rate,role_staff_count,role_visitor_reached_rate,role_visitor_count,role_faculty_reached_rate,role_faculty_count,shelter_reassignments,shelter_capacity_enabled,interaction_density_enabled,persona_prospective_student_with_parent_reached_rate,persona_prospective_student_with_parent_count,drqn_unreached_debug
enterprise_blizzard_severe,20260227,round_robin,600,55,0,22.5102,1.0,0.0,22.5102,,,0.0,0.0,0.0,6548018098->6676944196:2;5901281818->384753722:1;11963678444->11963678445:1;5271377938->8118847286:1;6676944196->6548018098:1;384753722->1520496367:1,0.0,2,0.0,6,0.0,3,0.0,4,0.0,1,0.0,7,0.0,2,0.0,6,0.0,4,0.0,1,0.0,2,0.0,1,0.0,1,0.0,3,0.0,6,0.0,2,0.0,2,0.0,1,0.0,1,0.0,29,0.0,12,0.0,5,0.0,9,0,False,False,,,
enterprise_blizzard_severe,20260228,round_robin,600,55,0,6.1609,1.0,0.0,6.1609,,,0.0,0.0,0.0,,0.0,1,0.0,10,0.0,2,0.0,2,,,0.0,7,,,0.0,5,0.0,2,0.0,1,0.0,3,,,0.0,1,0.0,1,0.0,6,0.0,1,0.0,3,0.0,6,0.0,4,0.0,34,0.0,11,0.0,1,0.0,9,0,False,False,,,
enterprise_blizzard_severe,20260229,round_robin,600,55,0,12.9368,1.0,0.0,12.9368,,,0.0,0.0,0.0,12954702502->12954702510:1,0.0,1,0.0,7,0.0,3,0.0,2,0.0,2,0.0,1,0.0,3,0.0,7,0.0,1,0.0,3,0.0,2,,,0.0,2,0.0,1,0.0,9,0.0,1,,,0.0,7,0.0,1,0.0,29,0.0,10,0.0,5,0.0,11,0,False,False,0.0,2,
enterprise_blizzard_severe,20260230,round_robin,600,55,0,36.6452,1.0,0.0,36.6452,,,0.0,0.0,0.0,6296618615->6296618618:2;1400445717->12099873432:2;6296618618->6296618615:2;12099873432->1400445717:2;4950056224->1400581570:1;11548117348->11548117347:1;7245480017->7245480025:1;83660805->83634249:1;5808043281->5808043282:1;12507265618->12507265602:1,0.0,3,0.0,7,0.0,2,0.0,3,0.0,1,0.0,1,0.0,3,0.0,6,0.0,1,0.0,4,0.0,2,,,,,0.0,1,0.0,6,,,0.0,3,0.0,11,0.0,1,0.0,31,0.0,12,0.0,2,0.0,10,0,False,False,,,
enterprise_blizzard_severe,20260231,round_robin,600,55,0,6.2881,1.0,0.0,6.2881,,,0.0,0.0,0.0,,0.0,1,0.0,6,0.0,2,0.0,2,0.0,2,0.0,4,0.0,5,0.0,4,0.0,3,,,0.0,2,0.0,2,,,0.0,2,0.0,7,0.0,1,0.0,2,0.0,8,0.0,1,0.0,31,0.0,7,0.0,7,0.0,10,0,False,False,0.0,1,
enterprise_blizzard_severe,20260232,round_robin,600,55,1,78.985,1.0,0.0182,78.985,,,0.0,0.0,0.0,9377505137->10557315381:4;10557315381->9377505137:4;11548067575->11428442638:2;11428442638->11548067575:2;10125220341->10125220344:2;5271377457->10938415728:2;83520513->83594555:1;7466253349->8118847261:1;6501386090->8118847444:1;83594555->83520513:1,0.0,1,0.0,12,0.0,3,,,0.0,2,0.3333,3,0.0,2,0.0,5,0.0,3,0.0,2,0.0,2,0.0,1,0.0,1,0.0,1,0.0,7,0.0,1,0.0,1,0.0,6,0.0,2,0.0286,35,0.0,7,0.0,4,0.0,9,0,False,False,,,
enterprise_blizzard_severe,20260233,round_robin,600,55,0,63.1247,1.0,0.0,63.1247,,,0.0,0.0,0.0,6677331642->11548117359:3;11548117359->6677331642:3;384765307->83512191:2;509912240->370753080:2;13199976131->4374241287:1;5901281817->5901281818:1;5901281818->384753722:1;5798161560->10200584576:1;12563424114->12563424115:1;10200584576->5798161560:1,0.0,1,0.0,13,0.0,3,,,0.0,1,0.0,1,0.0,3,0.0,6,0.0,3,0.0,3,0.0,3,,,,,,,0.0,8,,,0.0,1,0.0,6,0.0,3,0.0,35,0.0,7,0.0,1,0.0,12,0,False,False,,,
enterprise_blizzard_severe,20260234,round_robin,600,55,0,36.0217,1.0,0.0,36.0217,,,0.0,0.0,0.0,12507265501->12507229797:2;1526930861->4937830298:1;8118847451->6496723770:1;1529792857->8073164096:1;10550594431->10550594437:1;6547997471->6547997470:1;12507229797->12507265501:1;11963951764->11963951757:1;12342784360->12342784361:1,0.0,2,0.0,8,0.0,4,0.0,4,0.0,1,,,0.0,2,0.0,5,0.0,3,,,0.0,3,,,0.0,3,0.0,2,0.0,6,0.0,3,0.0,2,0.0,7,,,0.0,30,0.0,15,0.0,3,0.0,7,0,False,False,,,
enterprise_blizzard_severe,20260235,round_robin,600,55,0,6.3903,1.0,0.0,6.3903,,,0.0,0.0,0.0,,0.0,3,0.0,9,0.0,3,,,,,0.0,4,0.0,2,0.0,4,0.0,2,0.0,2,0.0,2,0.0,2,0.0,3,,,0.0,8,0.0,1,0.0,2,0.0,7,0.0,1,0.0,36,0.0,10,0.0,2,0.0,7,0,False,False,,,
enterprise_blizzard_severe,20260236,round_robin,600,55,0,91.1438,1.0,0.0,91.1438,,,0.0,0.0,0.0,9448535778->1218569149:3;1218569149->9448535777:2;11383004568->11383014072:2;11383014072->83631086:2;9448535777->1218569167:2;1218569167->9448535778:2;1400583656->1530414197:1;3588409198->8118847236:1;7252947926->7252947940:1;1818360082->5297802776:1,0.0,1,0.0,7,0.0,1,0.0,5,0.0,1,0.0,5,0.0,2,0.0,1,0.0,3,0.0,1,0.0,7,,,0.0,1,0.0,1,0.0,8,0.0,2,0.0,1,0.0,8,,,0.0,33,0.0,17,0.0,2,0.0,3,0,False,False,,,
enterprise_blizzard_severe,20260237,round_robin,600,55,0,10.8657,1.0,0.0,10.8657,,,0.0,0.0,0.0,6983069904->1530225958:1,0.0,2,0.0,10,0.0,6,,,0.0,2,0.0,4,0.0,5,0.0,1,,,0.0,3,0.0,2,,,0.0,5,,,0.0,5,,,,,0.0,7,0.0,2,0.0,34,0.0,10,0.0,3,0.0,8,0,False,False,0.0,1,
enterprise_blizzard_severe,20260238,round_robin,600,55,7,544.1795,1.0,0.1273,544.1795,,,0.0,0.0,0.0,83561764->1460665007:14;4498840819->4498840815:14;1460665007->83561764:14;4498840815->4498840819:14;11428442638->11548067575:12;11548067575->11428442638:11;1520496367->1527763449:10;10206561234->2032079412:8;1218569167->9448535778:8;9448535778->1218569149:8,0.0,1,0.2222,9,0.0,1,0.0,3,1.0,1,0.4,5,0.0,3,0.0,4,0.0,5,0.0,1,0.0,3,,,0.0,1,,,0.2,5,,,0.0,3,0.0,6,0.0,3,0.1562,32,0.0,11,1.0,2,0.0,10,0,False,False,1.0,1,
enterprise_blizzard_severe,20260239,round_robin,600,55,0,40.7676,1.0,0.0,40.7676,,,0.0,0.0,0.0,6704018608->7070231414:2;8118847240->8118847243:1;1530206782->10213504914:1;10269967951->1529819295:1;1505520762->8613429287:1;7070231414->6704018608:1;8613429287->1505520762:1;8118847243->8118847242:1;1529819295->1529819262:1;7245459879->7245459884:1,,,0.0,12,0.0,3,0.0,2,0.0,2,0.0,3,0.0,2,0.0,3,0.0,4,,,0.0,4,,,0.0,2,0.0,1,0.0,9,,,0.0,2,0.0,6,,,0.0,37,0.0,10,0.0,3,0.0,5,0,False,False,,,
enterprise_blizzard_severe,20260240,round_robin,600,55,0,75.8012,1.0,0.0,75.8012,,,0.0,0.0,0.0,1528501523->4119764226:3;12342784352->12342784355:2;12342784355->12342784360:2;4119764226->1528501523:2;11839484194->12342784367:1;3531672555->7252947942:1;359414083->83643960:1;1467755650->1467755645:1;5253284502->13320309685:1;12342784367->375500086:1,0.0,3,0.0,6,0.0,3,,,0.0,1,0.0,4,0.0,4,0.0,5,0.0,2,0.0,2,0.0,3,0.0,1,0.0,2,,,0.0,6,,,0.0,2,0.0,10,0.0,1,0.0,34,0.0,9,0.0,2,0.0,10,0,False,False,,,
enterprise_blizzard_severe,20260241,round_robin,600,55,0,45.2879,1.0,0.0,45.2879,,,0.0,0.0,0.0,11839484194->12342784367:1;83602132->8119358208:1;8118847451->6501386090:1;1485341629->83607791:1;1527763521->83663005:1;12342784367->375500086:1;83641488->375500188:1;12507265554->12507265545:1;12601727787->12601727785:1;375500188->12342784360:1,,,0.0,10,0.0,2,0.0,3,,,0.0,6,0.0,1,0.0,3,0.0,2,0.0,3,0.0,3,0.0,1,0.0,3,0.0,1,0.0,8,,,0.0,1,0.0,5,0.0,2,0.0,33,0.0,13,0.0,3,0.0,6,0,False,False,0.0,1,
enterprise_blizzard_severe,20260242,round_robin,600,55,0,55.6727,1.0,0.0,55.6727,,,0.0,0.0,0.0,12507265510->12507265509:5;12507265509->12507265510:5;11969545011->7011042716:1;10200387258->10200387256:1;10216185953->10216185952:1;6501386090->8118847446:1;7245459879->7245459884:1;10550594442->10550594441:1;10216185952->10216185950:1;8118847446->8118847451:1,0.0,1,0.0,9,0.0,1,0.0,2,,,0.0,3,0.0,4,0.0,2,0.0,4,,,0.0,4,0.0,1,0.0,2,0.0,1,0.0,10,0.0,3,0.0,2,0.0,2,0.0,3,0.0,30,0.0,13,0.0,3,0.0,9,0,False,False,0.0,1,
enterprise_blizzard_severe,20260243,round_robin,600,55,0,6.0918,1.0,0.0,6.0918,,,0.0,0.0,0.0,,0.0,2,0.0,6,,,,,0.0,2,0.0,1,0.0,6,0.0,3,0.0,2,0.0,3,0.0,3,,,0.0,1,0.0,2,0.0,11,0.0,2,0.0,1,0.0,7,0.0,3,0.0,29,0.0,10,0.0,4,0.0,12,0,False,False,,,
enterprise_blizzard_severe,20260244,round_robin,600,55,0,49.4182,1.0,0.0,49.4182,,,0.0,0.0,0.0,6983069904->1530225958:1;8496637477->8496637478:1;1529819243->1529819207:1;12342784367->12342784352:1;384811490->6091460268:1;12342784352->12342784355:1;83693879->83555624:1;8496637478->8496637479:1;9739875458->9739875459:1;10215084919->10215084916:1,0.0,1,0.0,16,0.0,2,0.0,2,,,0.0,1,0.0,2,0.0,2,0.0,1,0.0,3,0.0,5,,,0.0,1,,,0.0,8,,,0.0,2,0.0,9,,,0.0,38,0.0,13,,,0.0,4,0,False,False,,,
enterprise_blizzard_severe,20260245,round_robin,600,55,0,40.4034,1.0,0.0,40.4034,,,0.0,0.0,0.0,11383014072->83631086:1;6821837419->11412881620:1;1218569167->9448535778:1;12954702531->11403450186:1;9448535778->1218569149:1;11403450186->12954702527:1;8118847077->8118847074:1;1218569149->9448535777:1;7256597637->7256597636:1;1218569178->4946474611:1,0.0,1,0.0,14,0.0,3,0.0,2,,,0.0,6,0.0,4,,,0.0,4,,,0.0,2,,,,,0.0,2,0.0,7,,,0.0,2,0.0,6,0.0,2,0.0,41,0.0,6,0.0,2,0.0,6,0,False,False,,,
enterprise_blizzard_severe,20260246,round_robin,600,55,0,67.4934,1.0,0.0,67.4934,,,0.0,0.0,0.0,8118847157->8118847248:2;10557315385->10557315389:2;8118847248->8118847157:2;1467764547->1525435896:1;10557315377->10557315385:1;8118847132->8118847140:1;1520496367->1527763449:1;1527763449->1527763448:1;1527763448->5901281817:1;7157724608->7157724721:1,0.0,4,0.0,13,0.0,2,0.0,2,0.0,1,0.0,2,0.0,3,0.0,4,0.0,1,,,0.0,3,,,0.0,2,0.0,1,0.0,7,0.0,3,0.0,1,0.0,5,0.0,1,0.0,34,0.0,11,0.0,2,0.0,8,0,False,False,,,
enterprise_blizzard_severe,20260227,nearest,600,55,1,17.9536,1.0,0.0182,17.9536,,,0.0,0.0833,-0.0833,6548018098->6676944196:2;5901281818->384753722:1;6676944196->6548018098:1;11963678444->11963678445:1;3531672554->7252947958:1;384753722->1520496367:1,0.0,2,0.0,6,0.0,3,0.0,4,0.0,1,0.0,7,0.0,2,0.0,6,0.0,4,0.0,1,0.0,2,0.0,1,1.0,1,0.0,3,0.0,6,0.0,2,0.0,2,0.0,1,0.0,1,0.0,29,0.0833,12,0.0,5,0.0,9,0,False,False,,,
enterprise_blizzard_severe,20260228,nearest,600,55,0,6.1778,1.0,0.0,6.1778,,,0.0,0.0,0.0,,0.0,1,0.0,10,0.0,2,0.0,2,,,0.0,7,,,0.0,5,0.0,2,0.0,1,0.0,3,,,0.0,1,0.0,1,0.0,6,0.0,1,0.0,3,0.0,6,0.0,4,0.0,34,0.0,11,0.0,1,0.0,9,0,False,False,,,
enterprise_blizzard_severe,20260229,nearest,600,55,0,12.9915,1.0,0.0,12.9915,,,0.0,0.0,0.0,12954702502->12954702510:1,0.0,1,0.0,7,0.0,3,0.0,2,0.0,2,0.0,1,0.0,3,0.0,7,0.0,1,0.0,3,0.0,2,,,0.0,2,0.0,1,0.0,9,0.0,1,,,0.0,7,0.0,1,0.0,29,0.0,10,0.0,5,0.0,11,0,False,False,0.0,2,
enterprise_blizzard_severe,20260230,nearest,600,55,0,40.2756,1.0,0.0,40.2756,,,0.0,0.0,0.0,6296618615->6296618618:3;1400445717->12099873432:2;6296618618->6296618615:2;12099873432->1400445717:2;4950056224->1400581570:1;11548117348->11548117347:1;7245480017->7245480025:1;83660805->83634249:1;5808043281->5808043282:1;5808043282->5808043281:1,0.0,3,0.0,7,0.0,2,0.0,3,0.0,1,0.0,1,0.0,3,0.0,6,0.0,1,0.0,4,0.0,2,,,,,0.0,1,0.0,6,,,0.0,3,0.0,11,0.0,1,0.0,31,0.0,12,0.0,2,0.0,10,0,False,False,,,
enterprise_blizzard_severe,20260231,nearest,600,55,0,6.2883,1.0,0.0,6.2883,,,0.0,0.0,0.0,,0.0,1,0.0,6,0.0,2,0.0,2,0.0,2,0.0,4,0.0,5,0.0,4,0.0,3,,,0.0,2,0.0,2,,,0.0,2,0.0,7,0.0,1,0.0,2,0.0,8,0.0,1,0.0,31,0.0,7,0.0,7,0.0,10,0,False,False,0.0,1,
enterprise_blizzard_severe,20260232,nearest,600,55,1,49.3076,1.0,0.0182,49.3076,,,0.0,0.0,0.0,11548067575->11428442638:2;9377505137->10557315381:2;7466253349->8118847261:2;83520513->83594555:1;10557315381->9377505137:1;6501386090->8118847444:1;83594555->83520513:1;11428442638->11548067575:1;10125220341->10125220344:1;8118847261->7466253349:1,0.0,1,0.0,12,0.0,3,,,0.0,2,0.3333,3,0.0,2,0.0,5,0.0,3,0.0,2,0.0,2,0.0,1,0.0,1,0.0,1,0.0,7,0.0,1,0.0,1,0.0,6,0.0,2,0.0286,35,0.0,7,0.0,4,0.0,9,0,False,False,,,
enterprise_blizzard_severe,20260233,nearest,600,55,0,63.3065,1.0,0.0,63.3065,,,0.0,0.0,0.0,6677331642->11548117359:3;11548117359->6677331642:3;384765307->83512191:2;509912240->370753080:2;13199976131->4374241287:1;5798161560->10200584576:1;12563424114->12563424115:1;10200584576->5798161560:1;83512191->384765307:1;5901281817->5901281818:1,0.0,1,0.0,13,0.0,3,,,0.0,1,0.0,1,0.0,3,0.0,6,0.0,3,0.0,3,0.0,3,,,,,,,0.0,8,,,0.0,1,0.0,6,0.0,3,0.0,35,0.0,7,0.0,1,0.0,12,0,False,False,,,
enterprise_blizzard_severe,20260234,nearest,600,55,0,36.0327,1.0,0.0,36.0327,,,0.0,0.0,0.0,12507265501->12507229797:2;1526930861->4937830298:1;8118847451->6496723770:1;1529792857->8073164096:1;10550594431->10550594437:1;6547997471->6547997470:1;12507229797->12507265501:1;11963951764->11963951757:1;12342784360->12342784361:1,0.0,2,0.0,8,0.0,4,0.0,4,0.0,1,,,0.0,2,0.0,5,0.0,3,,,0.0,3,,,0.0,3,0.0,2,0.0,6,0.0,3,0.0,2,0.0,7,,,0.0,30,0.0,15,0.0,3,0.0,7,0,False,False,,,
enterprise_blizzard_severe,20260235,nearest,600,55,0,6.355,1.0,0.0,6.355,,,0.0,0.0,0.0,,0.0,3,0.0,9,0.0,3,,,,,0.0,4,0.0,2,0.0,4,0.0,2,0.0,2,0.0,2,0.0,2,0.0,3,,,0.0,8,0.0,1,0.0,2,0.0,7,0.0,1,0.0,36,0.0,10,0.0,2,0.0,7,0,False,False,,,
enterprise_blizzard_severe,20260236,nearest,600,55,10,518.499,1.0,0.1818,518.499,,,0.0,0.0588,-0.0588,8496637478->8496637477:4;1818360082->5297802776:4;8118847155->9448536887:4;11632214137->12507265559:4;12507265559->11632214137:4;7252947990->11429570263:3;11383004568->11383014072:3;11383014072->83631086:3;10213549225->10213549220:3;5297802776->1818360082:3,0.0,1,0.4286,7,0.0,1,0.2,5,0.0,1,0.4,5,0.0,2,0.0,1,0.0,3,0.0,1,0.0,7,,,0.0,1,0.0,1,0.5,8,0.0,2,0.0,1,0.0,8,,,0.2727,33,0.0588,17,0.0,2,0.0,3,0,False,False,,,
enterprise_blizzard_severe,20260237,nearest,600,55,1,9.8316,1.0,0.0182,9.8316,,,0.125,0.0,0.125,6983069904->1530225958:1,0.0,2,0.0,10,0.0,6,,,0.0,2,0.0,4,0.0,5,1.0,1,,,0.0,3,0.0,2,,,0.0,5,,,0.0,5,,,,,0.0,7,0.0,2,0.0,34,0.0,10,0.0,3,0.125,8,0,False,False,0.0,1,
enterprise_blizzard_severe,20260238,nearest,600,55,1,22.3432,1.0,0.0182,22.3432,,,0.0,0.0909,-0.0909,83561764->1460665007:1;83546599->1478297373:1;5271378061->10905690941:1;10269991758->1529819343:1;4498840819->4498840815:1;10206561234->10206561238:1;10206561238->1519095241:1,0.0,1,0.0,9,0.0,1,0.0,3,0.0,1,0.0,5,0.0,3,0.0,4,0.0,5,0.0,1,0.3333,3,,,0.0,1,,,0.0,5,,,0.0,3,0.0,6,0.0,3,0.0,32,0.0909,11,0.0,2,0.0,10,0,False,False,0.0,1,
enterprise_blizzard_severe,20260239,nearest,600,55,11,526.8558,1.0,0.2,526.8558,,,0.0,0.0,0.0,6704018608->7070231414:15;7070231414->6704018608:13;7245459879->7245459884:5;1505520762->8613429287:4;8613429287->1505520762:4;1527763521->9739891829:3;10200584576->10200584565:3;8118847245->7148335462:3;6501386090->4374241267:3;11404640128->384769998:3,,,0.4167,12,0.3333,3,0.0,2,0.5,2,0.0,3,0.0,2,0.0,3,0.0,4,,,0.0,4,,,0.0,2,0.0,1,0.4444,9,,,0.0,2,0.0,6,,,0.2703,37,0.0,10,0.3333,3,0.0,5,0,False,False,,,
enterprise_blizzard_severe,20260240,nearest,600,55,0,75.8715,1.0,0.0,75.8715,,,0.0,0.0,0.0,1528501523->4119764226:3;12342784352->12342784355:2;12342784355->12342784360:2;4119764226->1528501523:2;11839484194->12342784367:1;3531672555->7252947942:1;359414083->83643960:1;1467755650->1467755645:1;5253284502->13320309685:1;12342784367->375500086:1,0.0,3,0.0,6,0.0,3,,,0.0,1,0.0,4,0.0,4,0.0,5,0.0,2,0.0,2,0.0,3,0.0,1,0.0,2,,,0.0,6,,,0.0,2,0.0,10,0.0,1,0.0,34,0.0,9,0.0,2,0.0,10,0,False,False,,,
enterprise_blizzard_severe,20260241,nearest,600,55,0,45.2903,1.0,0.0,45.2903,,,0.0,0.0,0.0,11839484194->12342784367:1;83602132->8119358208:1;8118847451->6501386090:1;1485341629->83607791:1;1527763521->83663005:1;12342784367->375500086:1;83641488->375500188:1;12507265554->12507265545:1;12601727787->12601727785:1;375500188->12342784360:1,,,0.0,10,0.0,2,0.0,3,,,0.0,6,0.0,1,0.0,3,0.0,2,0.0,3,0.0,3,0.0,1,0.0,3,0.0,1,0.0,8,,,0.0,1,0.0,5,0.0,2,0.0,33,0.0,13,0.0,3,0.0,6,0,False,False,0.0,1,
enterprise_blizzard_severe,20260242,nearest,600,55,0,55.6272,1.0,0.0,55.6272,,,0.0,0.0,0.0,12507265510->12507265509:5;12507265509->12507265510:5;11969545011->7011042716:1;10200387258->10200387256:1;10216185953->10216185952:1;6501386090->8118847446:1;7245459879->7245459884:1;10550594442->10550594441:1;10216185952->10216185950:1;8118847446->8118847451:1,0.0,1,0.0,9,0.0,1,0.0,2,,,0.0,3,0.0,4,0.0,2,0.0,4,,,0.0,4,0.0,1,0.0,2,0.0,1,0.0,10,0.0,3,0.0,2,0.0,2,0.0,3,0.0,30,0.0,13,0.0,3,0.0,9,0,False,False,0.0,1,
enterprise_blizzard_severe,20260243,nearest,600,55,0,6.057,1.0,0.0,6.057,,,0.0,0.0,0.0,,0.0,2,0.0,6,,,,,0.0,2,0.0,1,0.0,6,0.0,3,0.0,2,0.0,3,0.0,3,,,0.0,1,0.0,2,0.0,11,0.0,2,0.0,1,0.0,7,0.0,3,0.0,29,0.0,10,0.0,4,0.0,12,0,False,False,,,
enterprise_blizzard_severe,20260244,nearest,600,55,0,49.4325,1.0,0.0,49.4325,,,0.0,0.0,0.0,6983069904->1530225958:1;8496637477->8496637478:1;1529819243->1529819207:1;12342784367->12342784352:1;384811490->6091460268:1;12342784352->12342784355:1;83693879->83555624:1;8496637478->8496637479:1;9739875458->9739875459:1;10215084919->10215084916:1,0.0,1,0.0,16,0.0,2,0.0,2,,,0.0,1,0.0,2,0.0,2,0.0,1,0.0,3,0.0,5,,,0.0,1,,,0.0,8,,,0.0,2,0.0,9,,,0.0,38,0.0,13,,,0.0,4,0,False,False,,,
enterprise_blizzard_severe,20260245,nearest,600,55,0,40.373,1.0,0.0,40.373,,,0.0,0.0,0.0,11383014072->83631086:1;6821837419->11412881620:1;1218569167->9448535778:1;12954702531->11403450186:1;9448535778->1218569149:1;11403450186->12954702527:1;8118847077->8118847074:1;1218569149->9448535777:1;7256597637->7256597636:1;1218569178->4946474611:1,0.0,1,0.0,14,0.0,3,0.0,2,,,0.0,6,0.0,4,,,0.0,4,,,0.0,2,,,,,0.0,2,0.0,7,,,0.0,2,0.0,6,0.0,2,0.0,41,0.0,6,0.0,2,0.0,6,0,False,False,,,
enterprise_blizzard_severe,20260246,nearest,600,55,0,6.1977,1.0,0.0,6.1977,,,0.0,0.0,0.0,,0.0,4,0.0,13,0.0,2,0.0,2,0.0,1,0.0,2,0.0,3,0.0,4,0.0,1,,,0.0,3,,,0.0,2,0.0,1,0.0,7,0.0,3,0.0,1,0.0,5,0.0,1,0.0,34,0.0,11,0.0,2,0.0,8,0,False,False,,,
enterprise_blizzard_severe,20260227,drqn,600,55,32,51.1181,1.0,0.5818,51.1181,,,0.7778,0.6667,0.1111,11571706269->11548970575:70;11548970575->11571706269:69;4984485857->3804130978:68;3804130978->4984485857:67;11406519908->11406519909:65;7986484597->7986484598:62;7986484598->7986484597:62;11406519909->11406519908:61;3531672555->83560917:57;83560917->3531672555:57,1.0,2,0.3333,6,0.6667,3,0.75,4,1.0,1,0.4286,7,1.0,2,0.8333,6,0.5,4,1.0,1,1.0,2,0.0,1,1.0,1,0.6667,3,0.5,6,0.5,2,0.0,2,0.0,1,0.0,1,0.4828,29,0.6667,12,0.6,5,0.7778,9,0,False,False,,,"[{'agent_id': 2, 'node': 3804130978, 'goal': 7118760379, 'current_target': 7118760379, 'committed_next': None, 'candidates': [], 'q_values': [39.79104995727539, 44.630584716796875, 42.6135368347168, 40.37627410888672, 43.42303466796875, 37.7028923034668, 30.736812591552734, -1.098793864250183, 0.17296463251113892], 'masked_q_values': [39.79104995727539, -1000000000.0, -1000000000.0, -1000000000.0, -1000000000.0, -1000000000.0, -1000000000.0, -1000000000.0, -1000000000.0], 'action_mask': [1, 0, 0, 0, 0, 0, 0, 0, 0], 'density_penalties': {}}, {'agent_id': 8, 'node': 7245467183, 'goal': 8580601234, 'current_target': 8580601234, 'committed_next': None, 'candidates': [], 'q_values': [-137.23959350585938, -140.0853271484375, -137.45733642578125, -139.48690795898438, -136.8096923828125, -109.48207092285156, -96.30610656738281, -0.2413347363471985, -0.09287263453006744], 'masked_q_values': [-137.23959350585938, -1000000000.0, -1000000000.0, -1000000000.0, -1000000000.0, -1000000000.0, -1000000000.0, -1000000000.0, -1000000000.0], 'action_mask': [1, 0, 0, 0, 0, 0, 0, 0, 0], 'density_penalties': {}}, {'agent_id': 11, 'node': 7986484595, 'goal': 13195940221, 'current_target': 13195940221, 'committed_next': None, 'candidates': [], 'q_values': [38.91666793823242, 41.99266815185547, 38.94166564941406, 40.43897247314453, 43.60761642456055, 37.13732147216797, 31.665517807006836, -0.9007419347763062, 0.18236401677131653], 'masked_q_values': [38.91666793823242, -1000000000.0, -1000000000.0, -1000000000.0, -1000000000.0, -1000000000.0, -1000000000.0, -1000000000.0, -1000000000.0], 'action_mask': [1, 0, 0, 0, 0, 0, 0, 0, 0], 'density_penalties': {}}, {'agent_id': 22, 'node': 83594533, 'goal': 8580601234, 'current_target': 8580601234, 'committed_next': None, 'candidates': [], 'q_values': [-141.8563690185547, -145.0161590576172, -141.84686279296875, -144.04656982421875, -141.30813598632812, -113.44402313232422, -100.64034271240234, -0.2597932815551758, 0.05832020938396454], 'masked_q_values': [-141.8563690185547, -1000000000.0, -1000000000.0, -1000000000.0, -1000000000.0, -1000000000.0, -1000000000.0, -1000000000.0, -1000000000.0], 'action_mask': [1, 0, 0, 0, 0, 0, 0, 0, 0], 'density_penalties': {}}, {'agent_id': 23, 'node': 6677331627, 'goal': 8580601234, 'current_target': 8580601234, 'committed_next': None, 'candidates': [], 'q_values': [-140.39137268066406, -143.1905059814453, -140.41815185546875, -142.92864990234375, -139.609619140625, -111.17179107666016, -99.57276153564453, -0.2497604638338089, -0.11582325398921967], 'masked_q_values': [-140.39137268066406, -1000000000.0, -1000000000.0, -1000000000.0, -1000000000.0, -1000000000.0, -1000000000.0, -1000000000.0, -1000000000.0], 'action_mask': [1, 0, 0, 0, 0, 0, 0, 0, 0], 'density_penalties': {}}, {'agent_id': 29, 'node': 10550594523, 'goal': 10216185939, 'current_target': 10216185939, 'committed_next': None, 'candidates': [], 'q_values': [41.219459533691406, 45.478355407714844, 45.455142974853516, 43.5089225769043, 46.67670440673828, 35.49051284790039, 31.062881469726562, -1.2095979452133179, 0.04236440360546112], 'masked_q_values': [41.219459533691406, -1000000000.0, -1000000000.0, -1000000000.0, -1000000000.0, -1000000000.0, -1000000000.0, -1000000000.0, -1000000000.0], 'action_mask': [1, 0, 0, 0, 0, 0, 0, 0, 0], 'density_penalties': {}}, {'agent_id': 33, 'node': 11548970575, 'goal': 7118760379, 'current_target': 7118760379, 'committed_next': None, 'candidates': [], 'q_values': [10.572029113769531, 13.093786239624023, 9.271709442138672, 10.392074584960938, 14.21982192993164, 14.023616790771484, 12.43605899810791, -0.8348605632781982, -0.06513138115406036], 'masked_q_values': [10.572029113769531, -1000000000.0, -1000000000.0, -1000000000.0, -1000000000.0, -1000000000.0, -1000000000.0, -1000000000.0, -1000000000.0], 'action_mask': [1, 0, 0, 0, 0, 0, 0, 0, 0], 'density_penalties': {}}, {'agent_id': 34, 'node': 10550594523, 'goal': 11406519909, 'current_target': 11406519909, 'committed_next': None, 'candidates': [], 'q_values': [82.2941665649414, 87.2756576538086, 85.81900024414062, 84.63963317871094, 86.02481079101562, 64.27532958984375, 61.85618209838867, -1.1670712232589722, 0.17346720397472382], 'masked_q_values': [82.2941665649414, -1000000000.0, -1000000000.0, -1000000000.0, -1000000000.0, -1000000000.0, -1000000000.0, -1000000000.0, -1000000000.0], 'action_mask': [1, 0, 0, 0, 0, 0, 0, 0, 0], 'density_penalties': {}}, {'agent_id': 37, 'node': 5271378057, 'goal': 13195940221, 'current_target': 13195940221, 'committed_next': None, 'candidates': [], 'q_values': [101.1985855102539, 104.33549499511719, 101.14816284179688, 103.30948638916016, 105.52082061767578, 78.88439178466797, 74.60213470458984, -0.8096078634262085, 0.328438401222229], 'masked_q_values': [101.1985855102539, -1000000000.0, -1000000000.0, -1000000000.0, -1000000000.0, -1000000000.0, -1000000000.0, -1000000000.0, -1000000000.0], 'action_mask': [1, 0, 0, 0, 0, 0, 0, 0, 0], 'density_penalties': {}}]"
enterprise_blizzard_severe,20260228,drqn,600,55,44,122.8972,1.0,0.8,122.8972,,,0.7778,0.7273,0.0505,7245480025->7256764794:38;7256764794->7245480025:33;1400583670->1530466290:26;1530466290->1400583670:25;13255088289->13255088287:9;13255088287->13255088289:8;1525461639->1525461635:7;6620771273->6620771284:7;1525461635->1224162504:7;6620771284->6620830787:7,1.0,1,1.0,10,0.5,2,0.5,2,,,0.5714,7,,,0.8,5,1.0,2,0.0,1,1.0,3,,,1.0,1,1.0,1,0.8333,6,0.0,1,1.0,3,0.8333,6,0.75,4,0.8235,34,0.7273,11,1.0,1,0.7778,9,0,False,False,,,"[{'agent_id': 9, 'node': 13255088287, 'goal': 1530457233, 'current_target': 1530457233, 'committed_next': None, 'candidates': [], 'q_values': [-151.5016632080078, -155.43698120117188, -151.8544921875, -154.50747680664062, -152.00772094726562, -121.94966888427734, -107.3294448852539, -0.34058672189712524, 0.03694625198841095], 'masked_q_values': [-151.5016632080078, -1000000000.0, -1000000000.0, -1000000000.0, -1000000000.0, -1000000000.0, -1000000000.0, -1000000000.0, -1000000000.0], 'action_mask': [1, 0, 0, 0, 0, 0, 0, 0, 0], 'density_penalties': {}}, {'agent_id': 23, 'node': 11378588803, 'goal': 6620830789, 'current_target': 6620830789, 'committed_next': None, 'candidates': [], 'q_values': [-155.12298583984375, -158.78250122070312, -155.843017578125, -157.9430694580078, -155.39480590820312, -124.22254180908203, -109.7733383178711, -0.2869122624397278, 0.0725928395986557], 'masked_q_values': [-155.12298583984375, -1000000000.0, -1000000000.0, -1000000000.0, -1000000000.0, -1000000000.0, -1000000000.0, -1000000000.0, -1000000000.0], 'action_mask': [1, 0, 0, 0, 0, 0, 0, 0, 0], 'density_penalties': {}}]"
enterprise_blizzard_severe,20260229,drqn,600,55,33,135.4584,1.0,0.6,135.4584,,,0.6364,0.7,-0.0636,6821837414->1832170576:37;1832170576->6821837414:37;6701019773->4374241287:24;10269099292->10269099288:23;7013234148->384784760:22;4374241287->6701019773:22;10269099288->10269099292:22;10125220328->10125220329:19;384784760->7013234148:19;1519095265->384805303:19,0.0,1,0.7143,7,0.3333,3,1.0,2,0.5,2,0.0,1,1.0,3,0.5714,7,0.0,1,1.0,3,0.5,2,,,0.5,2,0.0,1,0.7778,9,0.0,1,,,0.5714,7,0.0,1,0.5862,29,0.7,10,0.4,5,0.6364,11,0,False,False,0.5,2,"[{'agent_id': 7, 'node': 4119764189, 'goal': 6575669629, 'current_target': 6575669629, 'committed_next': None, 'candidates': [], 'q_values': [-155.08831787109375, -158.54136657714844, -155.80606079101562, -157.7843017578125, -155.5511474609375, -124.32084655761719, -109.47904968261719, -0.2487444281578064, 0.11622165143489838], 'masked_q_values': [-155.08831787109375, -1000000000.0, -1000000000.0, -1000000000.0, -1000000000.0, -1000000000.0, -1000000000.0, -1000000000.0, -1000000000.0], 'action_mask': [1, 0, 0, 0, 0, 0, 0, 0, 0], 'density_penalties': {}}, {'agent_id': 11, 'node': 10550594424, 'goal': 7290039964, 'current_target': 7290039964, 'committed_next': None, 'candidates': [], 'q_values': [-146.8724365234375, -150.32969665527344, -147.3470458984375, -149.62591552734375, -147.4990692138672, -118.2725601196289, -103.4352035522461, -0.30913132429122925, -0.04228822886943817], 'masked_q_values': [-146.8724365234375, -1000000000.0, -1000000000.0, -1000000000.0, -1000000000.0, -1000000000.0, -1000000000.0, -1000000000.0, -1000000000.0], 'action_mask': [1, 0, 0, 0, 0, 0, 0, 0, 0], 'density_penalties': {}}, {'agent_id': 15, 'node': 1519090125, 'goal': 6575669629, 'current_target': 6575669629, 'committed_next': None, 'candidates': [], 'q_values': [-159.19322204589844, -162.9161834716797, -159.60020446777344, -162.2313690185547, -159.5127410888672, -126.82482147216797, -113.4819107055664, -0.20735153555870056, 0.12707491219043732], 'masked_q_values': [-159.19322204589844, -1000000000.0, -1000000000.0, -1000000000.0, -1000000000.0, -1000000000.0, -1000000000.0, -1000000000.0, -1000000000.0], 'action_mask': [1, 0, 0, 0, 0, 0, 0, 0, 0], 'density_penalties': {}}, {'agent_id': 21, 'node': 1530414078, 'goal': 83561759, 'current_target': 83561759, 'committed_next': None, 'candidates': [], 'q_values': [71.80379486083984, 74.67073822021484, 72.96371459960938, 74.29334259033203, 78.21185302734375, 55.499244689941406, 55.42608642578125, -0.6295630931854248, 0.29204654693603516], 'masked_q_values': [71.80379486083984, -1000000000.0, -1000000000.0, -1000000000.0, -1000000000.0, -1000000000.0, -1000000000.0, -1000000000.0, -1000000000.0], 'action_mask': [1, 0, 0, 0, 0, 0, 0, 0, 0], 'density_penalties': {}}, {'agent_id': 30, 'node': 1519090115, 'goal': 6677331643, 'current_target': 6677331643, 'committed_next': None, 'candidates': [], 'q_values': [-144.09085083007812, -147.77423095703125, -144.53839111328125, -147.36630249023438, -145.24554443359375, -116.09056854248047, -102.1728286743164, -0.314325749874115, -0.04876409471035004], 'masked_q_values': [-144.09085083007812, -1000000000.0, -1000000000.0, -1000000000.0, -1000000000.0, -1000000000.0, -1000000000.0, -1000000000.0, -1000000000.0], 'action_mask': [1, 0, 0, 0, 0, 0, 0, 0, 0], 'density_penalties': {}}, {'agent_id': 36, 'node': 6049738818, 'goal': 83561759, 'current_target': 83561759, 'committed_next': None, 'candidates': [], 'q_values': [-151.394287109375, -155.22763061523438, -151.80897521972656, -154.256591796875, -151.8867950439453, -121.95948028564453, -106.69062042236328, -0.3145188093185425, 0.06658990681171417], 'masked_q_values': [-151.394287109375, -1000000000.0, -1000000000.0, -1000000000.0, -1000000000.0, -1000000000.0, -1000000000.0, -1000000000.0, -1000000000.0], 'action_mask': [1, 0, 0, 0, 0, 0, 0, 0, 0], 'density_penalties': {}}, {'agent_id': 37, 'node': 1488125796, 'goal': 6575669629, 'current_target': 6575669629, 'committed_next': None, 'candidates': [], 'q_values': [-154.24746704101562, -157.7533416748047, -154.88462829589844, -157.16856384277344, -154.69668579101562, -123.53624725341797, -109.06476593017578, -0.25624382495880127, 0.05604065954685211], 'masked_q_values': [-154.24746704101562, -1000000000.0, -1000000000.0, -1000000000.0, -1000000000.0, -1000000000.0, -1000000000.0, -1000000000.0, -1000000000.0], 'action_mask': [1, 0, 0, 0, 0, 0, 0, 0, 0], 'density_penalties': {}}, {'agent_id': 39, 'node': 7245480026, 'goal': 6677331643, 'current_target': 6677331643, 'committed_next': None, 'candidates': [], 'q_values': [-149.45323181152344, -153.1348114013672, -149.84458923339844, -152.5244140625, -150.2086181640625, -120.44334411621094, -105.80489349365234, -0.3090676963329315, -0.013838931918144226], 'masked_q_values': [-149.45323181152344, -1000000000.0, -1000000000.0, -1000000000.0, -1000000000.0, -1000000000.0, -1000000000.0, -1000000000.0, -1000000000.0], 'action_mask': [1, 0, 0, 0, 0, 0, 0, 0, 0], 'density_penalties': {}}]"
enterprise_blizzard_severe,20260230,drqn,600,55,32,77.4068,1.0,0.5818,77.4068,,,0.8,0.75,0.05,5112556790->83718230:72;83718230->5112556790:72;11965841473->11965841477:67;11965841477->11965841473:67;7466241870->6616196945:65;6616196945->7466241870:64;6496723767->83536163:56;3531672555->83560917:56;83560917->3531672555:56;83536163->6496723767:55,0.6667,3,0.7143,7,0.0,2,1.0,3,1.0,1,0.0,1,1.0,3,0.6667,6,1.0,1,0.75,4,0.5,2,,,,,0.0,1,0.0,6,,,0.6667,3,0.5455,11,1.0,1,0.4516,31,0.75,12,0.5,2,0.8,10,0,False,False,,,"[{'agent_id': 2, 'node': 6616196945, 'goal': 11577641197, 'current_target': 11577641197, 'committed_next': None, 'candidates': [], 'q_values': [-151.55142211914062, -155.01890563964844, -151.93919372558594, -154.486083984375, -151.7141876220703, -121.1764907836914, -107.25200653076172, -0.20749369263648987, 0.04871551692485809], 'masked_q_values': [-151.55142211914062, -1000000000.0, -1000000000.0, -1000000000.0, -1000000000.0, -1000000000.0, -1000000000.0, -1000000000.0, -1000000000.0], 'action_mask': [1, 0, 0, 0, 0, 0, 0, 0, 0], 'density_penalties': {}}, {'agent_id': 3, 'node': 8118847337, 'goal': 10125220313, 'current_target': 10125220313, 'committed_next': None, 'candidates': [], 'q_values': [-141.4575958251953, -144.4456787109375, -141.67160034179688, -143.85189819335938, -141.46957397460938, -113.39411926269531, -99.23699188232422, -0.25730225443840027, -0.06268931925296783], 'masked_q_values': [-141.4575958251953, -1000000000.0, -1000000000.0, -1000000000.0, -1000000000.0, -1000000000.0, -1000000000.0, -1000000000.0, -1000000000.0], 'action_mask': [1, 0, 0, 0, 0, 0, 0, 0, 0], 'density_penalties': {}}, {'agent_id': 7, 'node': 7252947905, 'goal': 10220116649, 'current_target': 10220116649, 'committed_next': None, 'candidates': [], 'q_values': [-156.0512237548828, -159.7772216796875, -156.52761840820312, -158.8824920654297, -155.85653686523438, -124.67767333984375, -110.61027526855469, -0.3129191994667053, 0.0960833877325058], 'masked_q_values': [-156.0512237548828, -1000000000.0, -1000000000.0, -1000000000.0, -1000000000.0, -1000000000.0, -1000000000.0, -1000000000.0, -1000000000.0], 'action_mask': [1, 0, 0, 0, 0, 0, 0, 0, 0], 'density_penalties': {}}, {'agent_id': 25, 'node': 11548067631, 'goal': 10776295030, 'current_target': 10776295030, 'committed_next': None, 'candidates': [], 'q_values': [70.33345794677734, 73.43730163574219, 75.05450439453125, 75.3230972290039, 77.11183166503906, 56.76424026489258, 54.55143737792969, -1.037076473236084, 0.1564399003982544], 'masked_q_values': [70.33345794677734, -1000000000.0, -1000000000.0, -1000000000.0, -1000000000.0, -1000000000.0, -1000000000.0, -1000000000.0, -1000000000.0], 'action_mask': [1, 0, 0, 0, 0, 0, 0, 0, 0], 'density_penalties': {}}, {'agent_id': 35, 'node': 11965841485, 'goal': 1530414144, 'current_target': 1530414144, 'committed_next': None, 'candidates': [], 'q_values': [-156.1961669921875, -159.91473388671875, -156.533935546875, -158.8089599609375, -155.80865478515625, -124.77024841308594, -110.49845886230469, -0.32270848751068115, 0.12391351163387299], 'masked_q_values': [-156.1961669921875, -1000000000.0, -1000000000.0, -1000000000.0, -1000000000.0, -1000000000.0, -1000000000.0, -1000000000.0, -1000000000.0], 'action_mask': [1, 0, 0, 0, 0, 0, 0, 0, 0], 'density_penalties': {}}, {'agent_id': 36, 'node': 11406520114, 'goal': 11577641197, 'current_target': 11577641197, 'committed_next': None, 'candidates': [], 'q_values': [-147.95660400390625, -152.26747131347656, -147.65707397460938, -151.0376434326172, -148.00540161132812, -117.43651580810547, -106.31854248046875, -0.2468358278274536, 0.038192883133888245], 'masked_q_values': [-147.95660400390625, -1000000000.0, -1000000000.0, -1000000000.0, -1000000000.0, -1000000000.0, -1000000000.0, -1000000000.0, -1000000000.0], 'action_mask': [1, 0, 0, 0, 0, 0, 0, 0, 0], 'density_penalties': {}}, {'agent_id': 37, 'node': 11548117310, 'goal': 10776295030, 'current_target': 10776295030, 'committed_next': None, 'candidates': [], 'q_values': [-139.1040496826172, -141.99522399902344, -139.392822265625, -141.44573974609375, -139.09786987304688, -111.52433776855469, -97.5141830444336, -0.29700812697410583, -0.11007125675678253], 'masked_q_values': [-139.1040496826172, -1000000000.0, -1000000000.0, -1000000000.0, -1000000000.0, -1000000000.0, -1000000000.0, -1000000000.0, -1000000000.0], 'action_mask': [1, 0, 0, 0, 0, 0, 0, 0, 0], 'density_penalties': {}}, {'agent_id': 38, 'node': 5271377939, 'goal': 11577641197, 'current_target': 11577641197, 'committed_next': None, 'candidates': [], 'q_values': [-151.51731872558594, -155.3104705810547, -151.5899658203125, -154.28164672851562, -151.87188720703125, -121.29798126220703, -107.475830078125, -0.2250242829322815, 0.09839372336864471], 'masked_q_values': [-151.51731872558594, -1000000000.0, -1000000000.0, -1000000000.0, -1000000000.0, -1000000000.0, -1000000000.0, -1000000000.0, -1000000000.0], 'action_mask': [1, 0, 0, 0, 0, 0, 0, 0, 0], 'density_penalties': {}}]"
enterprise_blizzard_severe,20260231,drqn,600,55,35,132.451,1.0,0.6364,132.451,,,0.5,0.4286,0.0714,6448823287->3225946120:120;3225946120->6448823287:111;8118847344->8118847240:37;8118847240->8118847344:35;5691979302->5691979301:30;1530225935->12471684056:29;5691979301->5691979302:28;1530225908->1530225935:23;7256597644->7256597645:18;10566580568->10566580567:15,0.0,1,1.0,6,1.0,2,0.0,2,0.5,2,0.75,4,0.4,5,0.5,4,0.6667,3,,,0.5,2,0.5,2,,,0.5,2,0.7143,7,1.0,1,0.5,2,0.625,8,1.0,1,0.7419,31,0.4286,7,0.5714,7,0.5,10,0,False,False,1.0,1,"[{'agent_id': 5, 'node': 7157724536, 'goal': 11963957083, 'current_target': 11963957083, 'committed_next': None, 'candidates': [], 'q_values': [-148.5460205078125, -152.31829833984375, -148.74462890625, -151.215576171875, -148.9345703125, -119.48690795898438, -104.75997161865234, -0.27406853437423706, 0.05929414927959442], 'masked_q_values': [-148.5460205078125, -1000000000.0, -1000000000.0, -1000000000.0, -1000000000.0, -1000000000.0, -1000000000.0, -1000000000.0, -1000000000.0], 'action_mask': [1, 0, 0, 0, 0, 0, 0, 0, 0], 'density_penalties': {}}, {'agent_id': 9, 'node': 11632220388, 'goal': 5691979269, 'current_target': 5691979269, 'committed_next': None, 'candidates': [], 'q_values': [-153.15826416015625, -156.81629943847656, -153.6485137939453, -156.0904083251953, -153.66619873046875, -123.02792358398438, -108.47630310058594, -0.28135213255882263, 0.05455474555492401], 'masked_q_values': [-153.15826416015625, -1000000000.0, -1000000000.0, -1000000000.0, -1000000000.0, -1000000000.0, -1000000000.0, -1000000000.0, -1000000000.0], 'action_mask': [1, 0, 0, 0, 0, 0, 0, 0, 0], 'density_penalties': {}}, {'agent_id': 11, 'node': 8118847388, 'goal': 5691979269, 'current_target': 5691979269, 'committed_next': None, 'candidates': [], 'q_values': [-143.2452850341797, -146.3172149658203, -143.7689666748047, -144.99891662597656, -143.26943969726562, -115.3810043334961, -100.8758773803711, -0.34638839960098267, 0.08810470998287201], 'masked_q_values': [-143.2452850341797, -1000000000.0, -1000000000.0, -1000000000.0, -1000000000.0, -1000000000.0, -1000000000.0, -1000000000.0, -1000000000.0], 'action_mask': [1, 0, 0, 0, 0, 0, 0, 0, 0], 'density_penalties': {}}, {'agent_id': 14, 'node': 1400544679, 'goal': 5691979269, 'current_target': 5691979269, 'committed_next': None, 'candidates': [], 'q_values': [-157.3850860595703, -161.13316345214844, -157.80908203125, -160.33074951171875, -157.73204040527344, -125.8475570678711, -112.00251007080078, -0.24381360411643982, 0.11819435656070709], 'masked_q_values': [-157.3850860595703, -1000000000.0, -1000000000.0, -1000000000.0, -1000000000.0, -1000000000.0, -1000000000.0, -1000000000.0, -1000000000.0], 'action_mask': [1, 0, 0, 0, 0, 0, 0, 0, 0], 'density_penalties': {}}, {'agent_id': 15, 'node': 1530457228, 'goal': 5691979269, 'current_target': 5691979269, 'committed_next': None, 'candidates': [], 'q_values': [-158.52914428710938, -162.27235412597656, -158.93197631835938, -161.57830810546875, -158.8711395263672, -126.51444244384766, -112.87689208984375, -0.23133370280265808, 0.12076391279697418], 'masked_q_values': [-158.52914428710938, -1000000000.0, -1000000000.0, -1000000000.0, -1000000000.0, -1000000000.0, -1000000000.0, -1000000000.0, -1000000000.0], 'action_mask': [1, 0, 0, 0, 0, 0, 0, 0, 0], 'density_penalties': {}}, {'agent_id': 23, 'node': 5691979301, 'goal': 5691979269, 'current_target': 5691979269, 'committed_next': None, 'candidates': [], 'q_values': [-155.18341064453125, -158.8698272705078, -155.74609375, -158.2052001953125, -155.63739013671875, -124.43905639648438, -110.04065704345703, -0.2817201018333435, 0.06723029911518097], 'masked_q_values': [-155.18341064453125, -1000000000.0, -1000000000.0, -1000000000.0, -1000000000.0, -1000000000.0, -1000000000.0, -1000000000.0, -1000000000.0], 'action_mask': [1, 0, 0, 0, 0, 0, 0, 0, 0], 'density_penalties': {}}, {'agent_id': 27, 'node': 5691979301, 'goal': 5691979269, 'current_target': 5691979269, 'committed_next': None, 'candidates': [], 'q_values': [-151.06045532226562, -154.75352478027344, -151.7379150390625, -154.14385986328125, -151.67581176757812, -121.45730590820312, -106.93412780761719, -0.3391762375831604, -0.022284135222434998], 'masked_q_values': [-151.06045532226562, -1000000000.0, -1000000000.0, -1000000000.0, -1000000000.0, -1000000000.0, -1000000000.0, -1000000000.0, -1000000000.0], 'action_mask': [1, 0, 0, 0, 0, 0, 0, 0, 0], 'density_penalties': {}}]"
enterprise_blizzard_severe,20260232,drqn,600,55,38,69.4728,1.0,0.6909,69.4728,,,0.8889,0.4286,0.4603,4374241287->1524306587:43;1524306587->4374241287:43;8118847139->8118847187:33;8118847187->8118847139:33;10200554999->10200581317:26;10200581317->10200554999:21;7245459837->11206886817:18;11206886817->11206886815:16;11206886815->8473506958:16;6620830799->10550646564:16,1.0,1,0.75,12,1.0,3,,,0.5,2,0.6667,3,1.0,2,1.0,5,0.6667,3,0.0,2,0.5,2,1.0,1,0.0,1,1.0,1,0.4286,7,1.0,1,1.0,1,0.6667,6,0.5,2,0.6857,35,0.4286,7,0.75,4,0.8889,9,0,False,False,,,"[{'agent_id': 3, 'node': 10200581317, 'goal': 10171993299, 'current_target': 10171993299, 'committed_next': None, 'candidates': [], 'q_values': [71.0203628540039, 74.31166076660156, 75.602783203125, 75.7119369506836, 77.5014877319336, 58.07197952270508, 54.86063766479492, -1.064405918121338, 0.19266338646411896], 'masked_q_values': [71.0203628540039, -1000000000.0, -1000000000.0, -1000000000.0, -1000000000.0, -1000000000.0, -1000000000.0, -1000000000.0, -1000000000.0], 'action_mask': [1, 0, 0, 0, 0, 0, 0, 0, 0], 'density_penalties': {}}, {'agent_id': 25, 'node': 10550646562, 'goal': 10171993299, 'current_target': 10171993299, 'committed_next': None, 'candidates': [], 'q_values': [-67.69881439208984, -66.3424072265625, -65.16924285888672, -66.43075561523438, -62.288673400878906, -48.57286071777344, -42.72843933105469, -0.46323734521865845, 0.6108391284942627], 'masked_q_values': [-67.69881439208984, -1000000000.0, -1000000000.0, -1000000000.0, -1000000000.0, -1000000000.0, -1000000000.0, -1000000000.0, -1000000000.0], 'action_mask': [1, 0, 0, 0, 0, 0, 0, 0, 0], 'density_penalties': {}}, {'agent_id': 33, 'node': 5929496255, 'goal': 7157724647, 'current_target': 7157724647, 'committed_next': None, 'candidates': [], 'q_values': [23.828929901123047, 27.46482276916504, 26.41226577758789, 26.609655380249023, 28.61486053466797, 23.15743637084961, 20.095319747924805, -0.9297405481338501, 0.44161713123321533], 'masked_q_values': [23.828929901123047, -1000000000.0, -1000000000.0, -1000000000.0, -1000000000.0, -1000000000.0, -1000000000.0, -1000000000.0, -1000000000.0], 'action_mask': [1, 0, 0, 0, 0, 0, 0, 0, 0], 'density_penalties': {}}, {'agent_id': 37, 'node': 1526930744, 'goal': 7157724647, 'current_target': 7157724647, 'committed_next': None, 'candidates': [], 'q_values': [60.74538803100586, 64.9543685913086, 63.26116180419922, 62.75260543823242, 64.64998626708984, 51.69392013549805, 46.25238037109375, -1.1263140439987183, 0.3445553183555603], 'masked_q_values': [60.74538803100586, -1000000000.0, -1000000000.0, -1000000000.0, -1000000000.0, -1000000000.0, -1000000000.0, -1000000000.0, -1000000000.0], 'action_mask': [1, 0, 0, 0, 0, 0, 0, 0, 0], 'density_penalties': {}}]"
enterprise_blizzard_severe,20260233,drqn,600,55,40,34.0534,1.0,0.7273,34.0534,,,0.75,0.8571,-0.1071,10200584607->10200601421:11;1525526373->1519090049:10;1519089976->9969324135:10;9969324135->10200584614:10;10200584614->10200584607:10;1529549392->1526930737:10;1526930737->10200581317:10;1519089996->1526930599:9;1526930599->10216186103:9;10216186103->1519089984:9,0.0,1,0.6923,13,0.6667,3,,,1.0,1,0.0,1,1.0,3,0.5,6,1.0,3,1.0,3,0.6667,3,,,,,,,0.75,8,,,1.0,1,0.6667,6,1.0,3,0.6857,35,0.8571,7,1.0,1,0.75,12,0,False,False,,,"[{'agent_id': 40, 'node': 4374241297, 'goal': 4374241319, 'current_target': 4374241319, 'committed_next': None, 'candidates': [], 'q_values': [77.3414077758789, 81.4734115600586, 83.04554748535156, 82.2387924194336, 84.10684967041016, 61.40921401977539, 59.54790496826172, -1.1980613470077515, -0.09680932760238647], 'masked_q_values': [77.3414077758789, -1000000000.0, -1000000000.0, -1000000000.0, -1000000000.0, -1000000000.0, -1000000000.0, -1000000000.0, -1000000000.0], 'action_mask': [1, 0, 0, 0, 0, 0, 0, 0, 0], 'density_penalties': {}}]"
enterprise_blizzard_severe,20260234,drqn,600,55,34,85.4567,1.0,0.6182,85.4567,,,0.8571,0.4667,0.3905,7245480025->7256764794:68;10550594422->10550594424:62;10550594424->10550594422:61;7256764794->7245480025:59;11378617110->11378617115:32;11378617115->11378617110:32;10550594430->10550594523:31;10550594523->10550594430:31;10550594430->10550594431:19;4937830298->1526930832:18,0.5,2,0.875,8,0.25,4,0.5,4,1.0,1,,,1.0,2,0.8,5,0.0,3,,,0.3333,3,,,0.3333,3,0.5,2,0.8333,6,0.3333,3,1.0,2,0.7143,7,,,0.6333,30,0.4667,15,0.6667,3,0.8571,7,0,False,False,,,"[{'agent_id': 2, 'node': 7245480014, 'goal': 1525505969, 'current_target': 1525505969, 'committed_next': None, 'candidates': [], 'q_values': [-147.07276916503906, -150.5843048095703, -147.43341064453125, -149.42430114746094, -147.09202575683594, -118.33534240722656, -103.62958526611328, -0.2887449860572815, 0.06278078258037567], 'masked_q_values': [-147.07276916503906, -1000000000.0, -1000000000.0, -1000000000.0, -1000000000.0, -1000000000.0, -1000000000.0, -1000000000.0, -1000000000.0], 'action_mask': [1, 0, 0, 0, 0, 0, 0, 0, 0], 'density_penalties': {}}, {'agent_id': 11, 'node': 10550594435, 'goal': 1525505969, 'current_target': 1525505969, 'committed_next': None, 'candidates': [], 'q_values': [-140.17733764648438, -143.35498046875, -140.73178100585938, -142.35357666015625, -140.2393035888672, -112.56180572509766, -98.24906158447266, -0.3669034540653229, -0.10208000242710114], 'masked_q_values': [-140.17733764648438, -1000000000.0, -1000000000.0, -1000000000.0, -1000000000.0, -1000000000.0, -1000000000.0, -1000000000.0, -1000000000.0], 'action_mask': [1, 0, 0, 0, 0, 0, 0, 0, 0], 'density_penalties': {}}, {'agent_id': 17, 'node': 7245480014, 'goal': 1525505969, 'current_target': 1525505969, 'committed_next': None, 'candidates': [], 'q_values': [-142.14801025390625, -145.5649871826172, -142.69052124023438, -144.45046997070312, -142.19944763183594, -114.10161590576172, -99.82100677490234, -0.3511386215686798, -0.08624906837940216], 'masked_q_values': [-142.14801025390625, -1000000000.0, -1000000000.0, -1000000000.0, -1000000000.0, -1000000000.0, -1000000000.0, -1000000000.0, -1000000000.0], 'action_mask': [1, 0, 0, 0, 0, 0, 0, 0, 0], 'density_penalties': {}}, {'agent_id': 34, 'node': 10550594424, 'goal': 1525505969, 'current_target': 1525505969, 'committed_next': None, 'candidates': [], 'q_values': [-151.39974975585938, -154.77760314941406, -152.09872436523438, -153.90719604492188, -151.500244140625, -121.16304779052734, -106.78204345703125, -0.25304731726646423, 0.07732449471950531], 'masked_q_values': [-151.39974975585938, -1000000000.0, -1000000000.0, -1000000000.0, -1000000000.0, -1000000000.0, -1000000000.0, -1000000000.0, -1000000000.0], 'action_mask': [1, 0, 0, 0, 0, 0, 0, 0, 0], 'density_penalties': {}}, {'agent_id': 35, 'node': 7245480014, 'goal': 1525505969, 'current_target': 1525505969, 'committed_next': None, 'candidates': [], 'q_values': [-145.67105102539062, -149.16513061523438, -146.17462158203125, -148.060791015625, -145.71633911132812, -116.9697036743164, -102.51617431640625, -0.3136618733406067, -0.012490853667259216], 'masked_q_values': [-145.67105102539062, -1000000000.0, -1000000000.0, -1000000000.0, -1000000000.0, -1000000000.0, -1000000000.0, -1000000000.0, -1000000000.0], 'action_mask': [1, 0, 0, 0, 0, 0, 0, 0, 0], 'density_penalties': {}}, {'agent_id': 38, 'node': 4937830298, 'goal': 1525505969, 'current_target': 1525505969, 'committed_next': None, 'candidates': [], 'q_values': [-147.8864288330078, -151.40447998046875, -148.24996948242188, -150.69305419921875, -147.98828125, -118.6010513305664, -104.27689361572266, -0.2921059727668762, -0.02601240575313568], 'masked_q_values': [-147.8864288330078, -1000000000.0, -1000000000.0, -1000000000.0, -1000000000.0, -1000000000.0, -1000000000.0, -1000000000.0, -1000000000.0], 'action_mask': [1, 0, 0, 0, 0, 0, 0, 0, 0], 'density_penalties': {}}]"
enterprise_blizzard_severe,20260235,drqn,600,55,38,116.6981,1.0,0.6909,116.6981,,,0.4286,0.7,-0.2714,3637550196->13506868210:34;13506868210->3637550196:29;12505188983->11181295876:28;11181295876->12505188983:26;1530414196->5816326561:19;5816326561->1530414196:19;11181295876->11181295878:14;11181295878->11181295876:14;10220116642->10220116630:12;10220116632->10220116650:11,0.3333,3,0.6667,9,1.0,3,,,,,0.75,4,0.5,2,0.5,4,0.5,2,0.5,2,1.0,2,1.0,2,0.6667,3,,,0.625,8,1.0,1,0.5,2,1.0,7,0.0,1,0.7222,36,0.7,10,1.0,2,0.4286,7,0,False,False,,,"[{'agent_id': 1, 'node': 11181443776, 'goal': 1400441858, 'current_target': 1400441858, 'committed_next': None, 'candidates': [], 'q_values': [-155.03807067871094, -158.54226684570312, -155.79222106933594, -157.76634216308594, -155.43704223632812, -124.25396728515625, -109.5399398803711, -0.24944977462291718, 0.1145007461309433], 'masked_q_values': [-155.03807067871094, -1000000000.0, -1000000000.0, -1000000000.0, -1000000000.0, -1000000000.0, -1000000000.0, -1000000000.0, -1000000000.0], 'action_mask': [1, 0, 0, 0, 0, 0, 0, 0, 0], 'density_penalties': {}}, {'agent_id': 2, 'node': 11181295876, 'goal': 4539792301, 'current_target': 4539792301, 'committed_next': None, 'candidates': [], 'q_values': [-150.07797241210938, -153.97837829589844, -150.38873291015625, -153.01028442382812, -150.40963745117188, -120.60250854492188, -106.05736541748047, -0.3353773355484009, 0.028408750891685486], 'masked_q_values': [-150.07797241210938, -1000000000.0, -1000000000.0, -1000000000.0, -1000000000.0, -1000000000.0, -1000000000.0, -1000000000.0, -1000000000.0], 'action_mask': [1, 0, 0, 0, 0, 0, 0, 0, 0], 'density_penalties': {}}, {'agent_id': 10, 'node': 13334851957, 'goal': 10220116650, 'current_target': 10220116650, 'committed_next': None, 'candidates': [], 'q_values': [-148.900390625, -152.5880584716797, -149.54212951660156, -151.77203369140625, -149.41390991210938, -119.90975189208984, -105.14820098876953, -0.350167840719223, -0.020256325602531433], 'masked_q_values': [-148.900390625, -1000000000.0, -1000000000.0, -1000000000.0, -1000000000.0, -1000000000.0, -1000000000.0, -1000000000.0, -1000000000.0], 'action_mask': [1, 0, 0, 0, 0, 0, 0, 0, 0], 'density_penalties': {}}, {'agent_id': 16, 'node': 1530428895, 'goal': 4539792301, 'current_target': 4539792301, 'committed_next': None, 'candidates': [], 'q_values': [-147.0792999267578, -150.7781219482422, -147.39028930664062, -149.9370574951172, -147.50865173339844, -118.36823272705078, -104.15508270263672, -0.3103303611278534, -0.01578103005886078], 'masked_q_values': [-147.0792999267578, -1000000000.0, -1000000000.0, -1000000000.0, -1000000000.0, -1000000000.0, -1000000000.0, -1000000000.0, -1000000000.0], 'action_mask': [1, 0, 0, 0, 0, 0, 0, 0, 0], 'density_penalties': {}}, {'agent_id': 32, 'node': 83574271, 'goal': 1400441858, 'current_target': 1400441858, 'committed_next': None, 'candidates': [], 'q_values': [-150.64944458007812, -154.43263244628906, -151.2254638671875, -153.75491333007812, -151.25465393066406, -121.39364624023438, -106.81195831298828, -0.363489031791687, -0.009031936526298523], 'masked_q_values': [-150.64944458007812, -1000000000.0, -1000000000.0, -1000000000.0, -1000000000.0, -1000000000.0, -1000000000.0, -1000000000.0, -1000000000.0], 'action_mask': [1, 0, 0, 0, 0, 0, 0, 0, 0], 'density_penalties': {}}]"
enterprise_blizzard_severe,20260236,drqn,600,55,29,71.6334,1.0,0.5273,71.6334,,,0.3333,0.2941,0.0392,1530248932->1584802908:32;1584802908->1530248932:30;3225949026->3225949023:29;3225949023->3225949026:28;5929354718->1400445717:27;1400445717->5929354718:26;10200584614->10200584607:26;6983068123->6983068132:24;5929354718->1467764355:20;1467764355->5929354718:20,1.0,1,0.8571,7,1.0,1,0.4,5,1.0,1,0.6,5,0.0,2,1.0,1,0.6667,3,0.0,1,0.2857,7,,,1.0,1,0.0,1,0.625,8,0.0,2,0.0,1,0.5,8,,,0.6667,33,0.2941,17,0.5,2,0.3333,3,0,False,False,,,"[{'agent_id': 3, 'node': 1400445715, 'goal': 12779957453, 'current_target': 12779957453, 'committed_next': None, 'candidates': [], 'q_values': [-143.51043701171875, -147.14730834960938, -143.7734375, -146.38833618164062, -143.46282958984375, -114.93797302246094, -101.42477416992188, -0.354163259267807, -0.09584410488605499], 'masked_q_values': [-143.51043701171875, -1000000000.0, -1000000000.0, -1000000000.0, -1000000000.0, -1000000000.0, -1000000000.0, -1000000000.0, -1000000000.0], 'action_mask': [1, 0, 0, 0, 0, 0, 0, 0, 0], 'density_penalties': {}}, {'agent_id': 5, 'node': 4119764204, 'goal': 83716675, 'current_target': 83716675, 'committed_next': None, 'candidates': [], 'q_values': [-140.65243530273438, -144.1435089111328, -141.0097198486328, -143.54446411132812, -140.7977294921875, -112.6160659790039, -99.3016586303711, -0.3489094078540802, -0.154216930270195], 'masked_q_values': [-140.65243530273438, -1000000000.0, -1000000000.0, -1000000000.0, -1000000000.0, -1000000000.0, -1000000000.0, -1000000000.0, -1000000000.0], 'action_mask': [1, 0, 0, 0, 0, 0, 0, 0, 0], 'density_penalties': {}}, {'agent_id': 6, 'node': 5901281818, 'goal': 83716675, 'current_target': 83716675, 'committed_next': None, 'candidates': [], 'q_values': [-144.94082641601562, -148.2734375, -145.27462768554688, -147.9300079345703, -145.11865234375, -115.86429595947266, -102.23933410644531, -0.24042783677577972, -0.09233815968036652], 'masked_q_values': [-144.94082641601562, -1000000000.0, -1000000000.0, -1000000000.0, -1000000000.0, -1000000000.0, -1000000000.0, -1000000000.0, -1000000000.0], 'action_mask': [1, 0, 0, 0, 0, 0, 0, 0, 0], 'density_penalties': {}}, {'agent_id': 7, 'node': 5798161577, 'goal': 2026701044, 'current_target': 2026701044, 'committed_next': None, 'candidates': [], 'q_values': [27.759815216064453, 31.40286636352539, 30.391931533813477, 30.677949905395508, 32.82761001586914, 25.319358825683594, 22.439729690551758, -1.0092403888702393, 0.2134496420621872], 'masked_q_values': [27.759815216064453, -1000000000.0, -1000000000.0, -1000000000.0, -1000000000.0, -1000000000.0, -1000000000.0, -1000000000.0, -1000000000.0], 'action_mask': [1, 0, 0, 0, 0, 0, 0, 0, 0], 'density_penalties': {}}, {'agent_id': 8, 'node': 4946474618, 'goal': 12779957453, 'current_target': 12779957453, 'committed_next': None, 'candidates': [], 'q_values': [-144.84683227539062, -148.25714111328125, -145.29315185546875, -147.74072265625, -145.00006103515625, -115.96562957763672, -102.10001373291016, -0.2824211120605469, -0.09243984520435333], 'masked_q_values': [-144.84683227539062, -1000000000.0, -1000000000.0, -1000000000.0, -1000000000.0, -1000000000.0, -1000000000.0, -1000000000.0, -1000000000.0], 'action_mask': [1, 0, 0, 0, 0, 0, 0, 0, 0], 'density_penalties': {}}, {'agent_id': 10, 'node': 10276834159, 'goal': 83716675, 'current_target': 83716675, 'committed_next': None, 'candidates': [], 'q_values': [-141.45281982421875, -144.9569091796875, -141.8232879638672, -144.33840942382812, -141.67860412597656, -113.50086212158203, -99.7291488647461, -0.3422815799713135, -0.1403542011976242], 'masked_q_values': [-141.45281982421875, -1000000000.0, -1000000000.0, -1000000000.0, -1000000000.0, -1000000000.0, -1000000000.0, -1000000000.0, -1000000000.0], 'action_mask': [1, 0, 0, 0, 0, 0, 0, 0, 0], 'density_penalties': {}}, {'agent_id': 13, 'node': 10125220340, 'goal': 10125220357, 'current_target': 10125220357, 'committed_next': None, 'candidates': [], 'q_values': [-145.0255584716797, -148.5006866455078, -145.40737915039062, -147.87298583984375, -145.15931701660156, -116.22881317138672, -102.23040008544922, -0.2866407334804535, -0.07457487285137177], 'masked_q_values': [-145.0255584716797, -1000000000.0, -1000000000.0, -1000000000.0, -1000000000.0, -1000000000.0, -1000000000.0, -1000000000.0, -1000000000.0], 'action_mask': [1, 0, 0, 0, 0, 0, 0, 0, 0], 'density_penalties': {}}, {'agent_id': 19, 'node': 7070231418, 'goal': 12372272604, 'current_target': 12372272604, 'committed_next': None, 'candidates': [], 'q_values': [-148.79319763183594, -152.06443786621094, -149.0575408935547, -151.62417602539062, -148.86306762695312, -119.06067657470703, -104.90679168701172, -0.19640585780143738, 0.0169631689786911], 'masked_q_values': [-148.79319763183594, -1000000000.0, -1000000000.0, -1000000000.0, -1000000000.0, -1000000000.0, -1000000000.0, -1000000000.0, -1000000000.0], 'action_mask': [1, 0, 0, 0, 0, 0, 0, 0, 0], 'density_penalties': {}}, {'agent_id': 23, 'node': 8118847287, 'goal': 1467750168, 'current_target': 1467750168, 'committed_next': None, 'candidates': [], 'q_values': [-126.49764251708984, -128.98716735839844, -125.93867492675781, -126.5950698852539, -125.22832489013672, -101.94232177734375, -88.24076843261719, -0.28637149930000305, 0.09440936148166656], 'masked_q_values': [-126.49764251708984, -1000000000.0, -1000000000.0, -1000000000.0, -1000000000.0, -1000000000.0, -1000000000.0, -1000000000.0, -1000000000.0], 'action_mask': [1, 0, 0, 0, 0, 0, 0, 0, 0], 'density_penalties': {}}, {'agent_id': 28, 'node': 10276834159, 'goal': 83716675, 'current_target': 83716675, 'committed_next': None, 'candidates': [], 'q_values': [-140.15274047851562, -143.59657287597656, -140.52658081054688, -142.97740173339844, -140.34164428710938, -112.3343276977539, -98.7181625366211, -0.34703153371810913, -0.15567167103290558], 'masked_q_values': [-140.15274047851562, -1000000000.0, -1000000000.0, -1000000000.0, -1000000000.0, -1000000000.0, -1000000000.0, -1000000000.0, -1000000000.0], 'action_mask': [1, 0, 0, 0, 0, 0, 0, 0, 0], 'density_penalties': {}}, {'agent_id': 34, 'node': 1530457311, 'goal': 1467750168, 'current_target': 1467750168, 'committed_next': None, 'candidates': [], 'q_values': [-148.40582275390625, -151.70704650878906, -148.8104248046875, -151.04812622070312, -148.4676055908203, -118.8710708618164, -104.67816925048828, -0.22837328910827637, 0.028162404894828796], 'masked_q_values': [-148.40582275390625, -1000000000.0, -1000000000.0, -1000000000.0, -1000000000.0, -1000000000.0, -1000000000.0, -1000000000.0, -1000000000.0], 'action_mask': [1, 0, 0, 0, 0, 0, 0, 0, 0], 'density_penalties': {}}, {'agent_id': 37, 'node': 1524306601, 'goal': 83716675, 'current_target': 83716675, 'committed_next': None, 'candidates': [], 'q_values': [-142.98568725585938, -146.35836791992188, -143.49375915527344, -144.99020385742188, -142.7261962890625, -114.65953063964844, -100.54843139648438, -0.325453519821167, 0.0003626495599746704], 'masked_q_values': [-142.98568725585938, -1000000000.0, -1000000000.0, -1000000000.0, -1000000000.0, -1000000000.0, -1000000000.0, -1000000000.0, -1000000000.0], 'action_mask': [1, 0, 0, 0, 0, 0, 0, 0, 0], 'density_penalties': {}}, {'agent_id': 39, 'node': 4119764204, 'goal': 83716675, 'current_target': 83716675, 'committed_next': None, 'candidates': [], 'q_values': [-139.53564453125, -142.99761962890625, -139.88473510742188, -142.37986755371094, -139.6866455078125, -111.68555450439453, -98.50493621826172, -0.36169883608818054, -0.17551063001155853], 'masked_q_values': [-139.53564453125, -1000000000.0, -1000000000.0, -1000000000.0, -1000000000.0, -1000000000.0, -1000000000.0, -1000000000.0, -1000000000.0], 'action_mask': [1, 0, 0, 0, 0, 0, 0, 0, 0], 'density_penalties': {}}]"
enterprise_blizzard_severe,20260237,drqn,600,55,36,82.4305,1.0,0.6545,82.4305,,,0.375,0.7,-0.325,10566490493->7157724573:47;7157724573->10566490493:43;10566490493->10566490492:39;7245480025->7256764794:34;10566490492->10566490493:34;6501386090->6496723770:32;6496723770->6501386090:32;8118847448->4374241258:30;4374241258->8118847448:29;10200584586->10200584552:27,1.0,2,0.7,10,0.8333,6,,,0.5,2,1.0,4,0.4,5,1.0,1,,,1.0,3,0.5,2,,,0.6,5,,,0.8,5,,,,,0.2857,7,0.0,2,0.7059,34,0.7,10,0.6667,3,0.375,8,0,False,False,1.0,1,"[{'agent_id': 9, 'node': 4374241258, 'goal': 10215084896, 'current_target': 10215084896, 'committed_next': None, 'candidates': [], 'q_values': [-137.7784423828125, -140.5088653564453, -138.01800537109375, -139.32891845703125, -137.46054077148438, -110.66893005371094, -96.29512023925781, -0.33317428827285767, -0.010065481066703796], 'masked_q_values': [-137.7784423828125, -1000000000.0, -1000000000.0, -1000000000.0, -1000000000.0, -1000000000.0, -1000000000.0, -1000000000.0, -1000000000.0], 'action_mask': [1, 0, 0, 0, 0, 0, 0, 0, 0], 'density_penalties': {}}, {'agent_id': 10, 'node': 10550594437, 'goal': 12372272604, 'current_target': 12372272604, 'committed_next': None, 'candidates': [], 'q_values': [-134.01385498046875, -136.73960876464844, -133.80398559570312, -135.08612060546875, -133.43325805664062, -108.63130187988281, -94.21721649169922, -0.3288114666938782, 0.1214786022901535], 'masked_q_values': [-134.01385498046875, -1000000000.0, -1000000000.0, -1000000000.0, -1000000000.0, -1000000000.0, -1000000000.0, -1000000000.0, -1000000000.0], 'action_mask': [1, 0, 0, 0, 0, 0, 0, 0, 0], 'density_penalties': {}}, {'agent_id': 14, 'node': 6641888101, 'goal': 6296618617, 'current_target': 6296618617, 'committed_next': None, 'candidates': [], 'q_values': [-145.88174438476562, -149.13510131835938, -146.3026885986328, -148.17147827148438, -145.67022705078125, -116.7845230102539, -102.7801742553711, -0.27962726354599, 0.02010078728199005], 'masked_q_values': [-145.88174438476562, -1000000000.0, -1000000000.0, -1000000000.0, -1000000000.0, -1000000000.0, -1000000000.0, -1000000000.0, -1000000000.0], 'action_mask': [1, 0, 0, 0, 0, 0, 0, 0, 0], 'density_penalties': {}}, {'agent_id': 20, 'node': 10554854786, 'goal': 12372272604, 'current_target': 12372272604, 'committed_next': None, 'candidates': [], 'q_values': [87.85773468017578, 91.31536102294922, 89.99700927734375, 90.8392562866211, 94.02384185791016, 68.11590576171875, 67.45661926269531, -0.7925989627838135, 0.17148110270500183], 'masked_q_values': [87.85773468017578, -1000000000.0, -1000000000.0, -1000000000.0, -1000000000.0, -1000000000.0, -1000000000.0, -1000000000.0, -1000000000.0], 'action_mask': [1, 0, 0, 0, 0, 0, 0, 0, 0], 'density_penalties': {}}, {'agent_id': 35, 'node': 11146389883, 'goal': 6620771273, 'current_target': 6620771273, 'committed_next': None, 'candidates': [], 'q_values': [-149.61065673828125, -153.30714416503906, -150.07376098632812, -152.5589599609375, -149.84507751464844, -120.09992980957031, -106.09954833984375, -0.31754523515701294, -0.007838383316993713], 'masked_q_values': [-149.61065673828125, -1000000000.0, -1000000000.0, -1000000000.0, -1000000000.0, -1000000000.0, -1000000000.0, -1000000000.0, -1000000000.0], 'action_mask': [1, 0, 0, 0, 0, 0, 0, 0, 0], 'density_penalties': {}}, {'agent_id': 36, 'node': 6620785782, 'goal': 6620771273, 'current_target': 6620771273, 'committed_next': None, 'candidates': [], 'q_values': [-147.40248107910156, -151.095947265625, -147.95526123046875, -150.304931640625, -147.6752166748047, -118.38712310791016, -104.29206085205078, -0.3517780303955078, -0.05497331917285919], 'masked_q_values': [-147.40248107910156, -1000000000.0, -1000000000.0, -1000000000.0, -1000000000.0, -1000000000.0, -1000000000.0, -1000000000.0, -1000000000.0], 'action_mask': [1, 0, 0, 0, 0, 0, 0, 0, 0], 'density_penalties': {}}]"
enterprise_blizzard_severe,20260238,drqn,600,55,36,50.4104,1.0,0.6545,50.4104,,,0.8,0.6364,0.1636,6615501684->8473506958:107;8473506958->6615501684:97;10200387289->1832170440:43;1832170440->10200387289:41;10566490493->7157724573:32;7157724573->10566490493:26;8118847345->8118847343:17;8118847343->8118847345:15;8118847346->8118847337:11;6615523688->6615523687:11,0.0,1,0.5556,9,1.0,1,0.6667,3,0.0,1,1.0,5,0.6667,3,1.0,4,0.8,5,1.0,1,0.3333,3,,,1.0,1,,,0.6,5,,,0.6667,3,0.5,6,0.6667,3,0.6562,32,0.6364,11,0.0,2,0.8,10,0,False,False,0.0,1,"[{'agent_id': 3, 'node': 7988060339, 'goal': 5271378001, 'current_target': 5271378001, 'committed_next': None, 'candidates': [], 'q_values': [-134.96762084960938, -137.94065856933594, -135.03753662109375, -137.5748291015625, -134.76771545410156, -107.77802276611328, -94.84235382080078, -0.27639538049697876, -0.1524648815393448], 'masked_q_values': [-134.96762084960938, -1000000000.0, -1000000000.0, -1000000000.0, -1000000000.0, -1000000000.0, -1000000000.0, -1000000000.0, -1000000000.0], 'action_mask': [1, 0, 0, 0, 0, 0, 0, 0, 0], 'density_penalties': {}}, {'agent_id': 4, 'node': 8473506958, 'goal': 1525511954, 'current_target': 1525511954, 'committed_next': None, 'candidates': [], 'q_values': [-135.1976318359375, -138.3863983154297, -135.27784729003906, -137.56735229492188, -134.76914978027344, -107.60206604003906, -94.96796417236328, -0.3130227327346802, -0.1793339103460312], 'masked_q_values': [-135.1976318359375, -1000000000.0, -1000000000.0, -1000000000.0, -1000000000.0, -1000000000.0, -1000000000.0, -1000000000.0, -1000000000.0], 'action_mask': [1, 0, 0, 0, 0, 0, 0, 0, 0], 'density_penalties': {}}, {'agent_id': 26, 'node': 11206885134, 'goal': 1525511954, 'current_target': 1525511954, 'committed_next': None, 'candidates': [], 'q_values': [-129.99649047851562, -132.5171356201172, -130.10247802734375, -132.5506591796875, -129.84588623046875, -103.36054229736328, -91.94542694091797, -0.33871349692344666, -0.2096833735704422], 'masked_q_values': [-129.99649047851562, -1000000000.0, -1000000000.0, -1000000000.0, -1000000000.0, -1000000000.0, -1000000000.0, -1000000000.0, -1000000000.0], 'action_mask': [1, 0, 0, 0, 0, 0, 0, 0, 0], 'density_penalties': {}}, {'agent_id': 34, 'node': 8473506958, 'goal': 1525511954, 'current_target': 1525511954, 'committed_next': None, 'candidates': [], 'q_values': [-135.10118103027344, -138.28627014160156, -135.16757202148438, -137.43350219726562, -134.63754272460938, -107.50110626220703, -94.86605072021484, -0.3086704909801483, -0.16924674808979034], 'masked_q_values': [-135.10118103027344, -1000000000.0, -1000000000.0, -1000000000.0, -1000000000.0, -1000000000.0, -1000000000.0, -1000000000.0, -1000000000.0], 'action_mask': [1, 0, 0, 0, 0, 0, 0, 0, 0], 'density_penalties': {}}, {'agent_id': 39, 'node': 1525461639, 'goal': 10557111850, 'current_target': 10557111850, 'committed_next': None, 'candidates': [], 'q_values': [62.529232025146484, 67.39306640625, 66.94901275634766, 64.81539916992188, 66.68993377685547, 51.145118713378906, 46.76388168334961, -1.3673440217971802, 0.004654005169868469], 'masked_q_values': [62.529232025146484, -1000000000.0, -1000000000.0, -1000000000.0, -1000000000.0, -1000000000.0, -1000000000.0, -1000000000.0, -1000000000.0], 'action_mask': [1, 0, 0, 0, 0, 0, 0, 0, 0], 'density_penalties': {}}]"
enterprise_blizzard_severe,20260239,drqn,600,55,42,101.5612,1.0,0.7636,101.5612,,,0.8,0.7,0.1,11181295876->11181295889:19;11181295889->11181295876:18;8118847295->8118847291:17;8118847291->8118847295:16;11181443775->11181443755:14;8118847291->8118847293:13;11181443755->11181443775:13;8118847293->8118847291:12;10550594435->10550594420:10;7256764794->7245459855:10,,,0.9167,12,0.6667,3,0.5,2,1.0,2,1.0,3,0.5,2,1.0,3,0.25,4,,,1.0,4,,,1.0,2,0.0,1,0.7778,9,,,0.0,2,0.8333,6,,,0.7838,37,0.7,10,0.6667,3,0.8,5,0,False,False,,,"[{'agent_id': 8, 'node': 11181295889, 'goal': 2018002764, 'current_target': 2018002764, 'committed_next': None, 'candidates': [], 'q_values': [-147.641845703125, -151.36712646484375, -148.2188262939453, -150.38043212890625, -147.77667236328125, -118.35779571533203, -104.46196746826172, -0.37724271416664124, -0.055588498711586], 'masked_q_values': [-147.641845703125, -1000000000.0, -1000000000.0, -1000000000.0, -1000000000.0, -1000000000.0, -1000000000.0, -1000000000.0, -1000000000.0], 'action_mask': [1, 0, 0, 0, 0, 0, 0, 0, 0], 'density_penalties': {}}, {'agent_id': 28, 'node': 8118847167, 'goal': 6240396954, 'current_target': 6240396954, 'committed_next': None, 'candidates': [], 'q_values': [-147.59591674804688, -150.7500457763672, -148.25494384765625, -149.98129272460938, -147.8717498779297, -118.56859588623047, -103.89238739013672, -0.31549280881881714, 0.03292645514011383], 'masked_q_values': [-147.59591674804688, -1000000000.0, -1000000000.0, -1000000000.0, -1000000000.0, -1000000000.0, -1000000000.0, -1000000000.0, -1000000000.0], 'action_mask': [1, 0, 0, 0, 0, 0, 0, 0, 0], 'density_penalties': {}}]"
enterprise_blizzard_severe,20260240,drqn,600,55,34,51.2521,1.0,0.6182,51.2521,,,0.4,0.5556,-0.1556,6496723775->4374241273:152;4374241273->6496723775:146;7245480025->7256764794:46;7256764794->7245480025:44;8943388565->10216185931:18;6240395061->10207853478:14;10216185931->8943388565:13;4374241287->13199976131:12;4374241273->4374241268:9;10207853478->6983068125:9,0.3333,3,1.0,6,0.0,3,,,0.0,1,1.0,4,0.5,4,0.2,5,1.0,2,0.5,2,0.6667,3,1.0,1,0.5,2,,,0.8333,6,,,0.5,2,0.6,10,1.0,1,0.7059,34,0.5556,9,0.5,2,0.4,10,0,False,False,,,"[{'agent_id': 3, 'node': 8118847040, 'goal': 10276852290, 'current_target': 10276852290, 'committed_next': None, 'candidates': [], 'q_values': [-120.21331024169922, -122.51966094970703, -119.75029754638672, -120.53771209716797, -119.06742095947266, -97.04788208007812, -83.55592346191406, -0.33344766497612, -0.022812172770500183], 'masked_q_values': [-120.21331024169922, -1000000000.0, -1000000000.0, -1000000000.0, -1000000000.0, -1000000000.0, -1000000000.0, -1000000000.0, -1000000000.0], 'action_mask': [1, 0, 0, 0, 0, 0, 0, 0, 0], 'density_penalties': {}}, {'agent_id': 8, 'node': 8118847040, 'goal': 10216185928, 'current_target': 10216185928, 'committed_next': None, 'candidates': [], 'q_values': [35.85901641845703, 39.64508819580078, 37.31037902832031, 37.82545471191406, 40.52185821533203, 22.889659881591797, 27.448135375976562, -0.8521440029144287, -0.03194715827703476], 'masked_q_values': [35.85901641845703, -1000000000.0, -1000000000.0, -1000000000.0, -1000000000.0, -1000000000.0, -1000000000.0, -1000000000.0, -1000000000.0], 'action_mask': [1, 0, 0, 0, 0, 0, 0, 0, 0], 'density_penalties': {}}, {'agent_id': 13, 'node': 8118847040, 'goal': 10276852290, 'current_target': 10276852290, 'committed_next': None, 'candidates': [], 'q_values': [-119.12789154052734, -121.35591888427734, -118.66720581054688, -119.4021987915039, -117.94012451171875, -96.10919189453125, -82.82535552978516, -0.34142446517944336, -0.04272569715976715], 'masked_q_values': [-119.12789154052734, -1000000000.0, -1000000000.0, -1000000000.0, -1000000000.0, -1000000000.0, -1000000000.0, -1000000000.0, -1000000000.0], 'action_mask': [1, 0, 0, 0, 0, 0, 0, 0, 0], 'density_penalties': {}}, {'agent_id': 18, 'node': 10216185929, 'goal': 10216185928, 'current_target': 10216185928, 'committed_next': None, 'candidates': [], 'q_values': [-141.9062957763672, -145.1241455078125, -142.09774780273438, -144.634521484375, -141.7001190185547, -113.24016571044922, -100.0757827758789, -0.22764107584953308, -0.08636392652988434], 'masked_q_values': [-141.9062957763672, -1000000000.0, -1000000000.0, -1000000000.0, -1000000000.0, -1000000000.0, -1000000000.0, -1000000000.0, -1000000000.0], 'action_mask': [1, 0, 0, 0, 0, 0, 0, 0, 0], 'density_penalties': {}}, {'agent_id': 25, 'node': 10550594438, 'goal': 10216185928, 'current_target': 10216185928, 'committed_next': None, 'candidates': [], 'q_values': [-138.4082489013672, -141.70834350585938, -138.5618438720703, -141.01296997070312, -138.20257568359375, -110.73857879638672, -97.3428726196289, -0.2848741412162781, -0.12376974523067474], 'masked_q_values': [-138.4082489013672, -1000000000.0, -1000000000.0, -1000000000.0, -1000000000.0, -1000000000.0, -1000000000.0, -1000000000.0, -1000000000.0], 'action_mask': [1, 0, 0, 0, 0, 0, 0, 0, 0], 'density_penalties': {}}, {'agent_id': 34, 'node': 11206886817, 'goal': 4374664675, 'current_target': 4374664675, 'committed_next': None, 'candidates': [], 'q_values': [93.59832000732422, 99.1171646118164, 97.19633483886719, 93.52632904052734, 95.3399887084961, 76.05753326416016, 67.6722412109375, -1.3235571384429932, 0.1816338151693344], 'masked_q_values': [93.59832000732422, -1000000000.0, -1000000000.0, -1000000000.0, -1000000000.0, -1000000000.0, -1000000000.0, -1000000000.0, -1000000000.0], 'action_mask': [1, 0, 0, 0, 0, 0, 0, 0, 0], 'density_penalties': {}}]"
enterprise_blizzard_severe,20260241,drqn,600,55,36,45.5308,1.0,0.6545,45.5308,,,0.8333,0.4615,0.3718,10125220333->10125220331:28;10125220331->10125220333:27;1529726409->1519089996:16;10125220353->10125220345:12;1526930605->1526930599:11;10125220345->10125220353:11;388500200->10580963785:11;10580963785->388500200:11;1525461643->1525461646:10;1525461646->11181295876:10,,,0.8,10,1.0,2,0.3333,3,,,0.6667,6,1.0,1,1.0,3,0.5,2,0.3333,3,0.6667,3,1.0,1,0.3333,3,0.0,1,1.0,8,,,1.0,1,0.2,5,0.5,2,0.7273,33,0.4615,13,0.3333,3,0.8333,6,0,False,False,0.0,1,"[{'agent_id': 4, 'node': 388500200, 'goal': 11812718897, 'current_target': 11812718897, 'committed_next': None, 'candidates': [], 'q_values': [78.3830795288086, 83.1744384765625, 82.0716323852539, 80.82352447509766, 82.44257354736328, 61.56346893310547, 59.589500427246094, -1.1776870489120483, 0.15140320360660553], 'masked_q_values': [78.3830795288086, -1000000000.0, -1000000000.0, -1000000000.0, -1000000000.0, -1000000000.0, -1000000000.0, -1000000000.0, -1000000000.0], 'action_mask': [1, 0, 0, 0, 0, 0, 0, 0, 0], 'density_penalties': {}}, {'agent_id': 21, 'node': 8118847339, 'goal': 10216185948, 'current_target': 10216185948, 'committed_next': None, 'candidates': [], 'q_values': [126.49948120117188, 130.1857452392578, 129.78500366210938, 132.152099609375, 133.0675811767578, 97.36866760253906, 92.56629943847656, -0.6542565822601318, -0.05923217535018921], 'masked_q_values': [126.49948120117188, -1000000000.0, -1000000000.0, -1000000000.0, -1000000000.0, -1000000000.0, -1000000000.0, -1000000000.0, -1000000000.0], 'action_mask': [1, 0, 0, 0, 0, 0, 0, 0, 0], 'density_penalties': {}}, {'agent_id': 33, 'node': 10216186094, 'goal': 6620771274, 'current_target': 6620771274, 'committed_next': None, 'candidates': [], 'q_values': [31.982858657836914, 35.284454345703125, 35.39678955078125, 35.961753845214844, 38.62429428100586, 28.135055541992188, 25.505830764770508, -1.1699906587600708, 0.03990356624126434], 'masked_q_values': [31.982858657836914, -1000000000.0, -1000000000.0, -1000000000.0, -1000000000.0, -1000000000.0, -1000000000.0, -1000000000.0, -1000000000.0], 'action_mask': [1, 0, 0, 0, 0, 0, 0, 0, 0], 'density_penalties': {}}, {'agent_id': 40, 'node': 10125220357, 'goal': 1526930595, 'current_target': 1526930595, 'committed_next': None, 'candidates': [], 'q_values': [47.201683044433594, 50.42048263549805, 51.00400924682617, 51.60906219482422, 53.865562438964844, 37.32404708862305, 36.43572998046875, -1.1736699342727661, -0.005654498934745789], 'masked_q_values': [47.201683044433594, -1000000000.0, -1000000000.0, -1000000000.0, -1000000000.0, -1000000000.0, -1000000000.0, -1000000000.0, -1000000000.0], 'action_mask': [1, 0, 0, 0, 0, 0, 0, 0, 0], 'density_penalties': {}}]"
enterprise_blizzard_severe,20260242,drqn,600,55,38,103.9429,1.0,0.6909,103.9429,,,0.8889,0.6154,0.2735,6496723775->4374241273:52;4374241273->6496723775:50;4959088996->12293992397:50;12293992397->4959088996:46;8118847385->8118847378:29;8118847378->8118847385:26;8118847385->8118847384:18;8118847384->8118847385:18;10206645960->10206645926:16;10206645926->10206645945:14,1.0,1,0.8889,9,1.0,1,1.0,2,,,0.6667,3,1.0,4,1.0,2,0.5,4,,,0.25,4,1.0,1,0.5,2,0.0,1,0.7,10,0.6667,3,1.0,2,0.0,2,0.6667,3,0.7,30,0.6154,13,0.3333,3,0.8889,9,0,False,False,0.0,1,"[{'agent_id': 5, 'node': 4374241253, 'goal': 6005135088, 'current_target': 6005135088, 'committed_next': None, 'candidates': [], 'q_values': [-129.28909301757812, -131.72486877441406, -129.3750457763672, -129.96255493164062, -128.72605895996094, -104.26020050048828, -90.396728515625, -0.3872579038143158, 0.012010201811790466], 'masked_q_values': [-129.28909301757812, -1000000000.0, -1000000000.0, -1000000000.0, -1000000000.0, -1000000000.0, -1000000000.0, -1000000000.0, -1000000000.0], 'action_mask': [1, 0, 0, 0, 0, 0, 0, 0, 0], 'density_penalties': {}}, {'agent_id': 14, 'node': 8118847293, 'goal': 12606353057, 'current_target': 12606353057, 'committed_next': None, 'candidates': [], 'q_values': [-147.7432861328125, -151.36790466308594, -148.1475830078125, -149.9228515625, -147.6732940673828, -118.81714630126953, -104.11176300048828, -0.31106579303741455, 0.061169639229774475], 'masked_q_values': [-147.7432861328125, -1000000000.0, -1000000000.0, -1000000000.0, -1000000000.0, -1000000000.0, -1000000000.0, -1000000000.0, -1000000000.0], 'action_mask': [1, 0, 0, 0, 0, 0, 0, 0, 0], 'density_penalties': {}}, {'agent_id': 20, 'node': 6983068111, 'goal': 6005135088, 'current_target': 6005135088, 'committed_next': None, 'candidates': [], 'q_values': [-149.23719787597656, -152.66098022460938, -149.67718505859375, -152.10287475585938, -149.7598114013672, -120.05500030517578, -105.16484832763672, -0.2651430368423462, 0.0021060556173324585], 'masked_q_values': [-149.23719787597656, -1000000000.0, -1000000000.0, -1000000000.0, -1000000000.0, -1000000000.0, -1000000000.0, -1000000000.0, -1000000000.0], 'action_mask': [1, 0, 0, 0, 0, 0, 0, 0, 0], 'density_penalties': {}}, {'agent_id': 23, 'node': 7157724498, 'goal': 11353322017, 'current_target': 11353322017, 'committed_next': None, 'candidates': [], 'q_values': [-140.60308837890625, -143.4969940185547, -141.45143127441406, -144.22067260742188, -141.97283935546875, -112.47368621826172, -99.99593353271484, -0.4331865608692169, 0.1112663596868515], 'masked_q_values': [-140.60308837890625, -1000000000.0, -1000000000.0, -1000000000.0, -1000000000.0, -1000000000.0, -1000000000.0, -1000000000.0, -1000000000.0], 'action_mask': [1, 0, 0, 0, 0, 0, 0, 0, 0], 'density_penalties': {}}, {'agent_id': 25, 'node': 11963957102, 'goal': 11353322017, 'current_target': 11353322017, 'committed_next': None, 'candidates': [], 'q_values': [-148.81492614746094, -152.5945281982422, -149.2462158203125, -151.7204132080078, -149.31150817871094, -119.92176055908203, -104.99491119384766, -0.33614295721054077, 0.001337692141532898], 'masked_q_values': [-148.81492614746094, -1000000000.0, -1000000000.0, -1000000000.0, -1000000000.0, -1000000000.0, -1000000000.0, -1000000000.0, -1000000000.0], 'action_mask': [1, 0, 0, 0, 0, 0, 0, 0, 0], 'density_penalties': {}}, {'agent_id': 29, 'node': 4959089003, 'goal': 12606353057, 'current_target': 12606353057, 'committed_next': None, 'candidates': [], 'q_values': [-149.57333374023438, -153.4685821533203, -149.91329956054688, -152.47406005859375, -149.85812377929688, -120.23570251464844, -105.64509582519531, -0.3571070730686188, 0.02182982861995697], 'masked_q_values': [-149.57333374023438, -1000000000.0, -1000000000.0, -1000000000.0, -1000000000.0, -1000000000.0, -1000000000.0, -1000000000.0, -1000000000.0], 'action_mask': [1, 0, 0, 0, 0, 0, 0, 0, 0], 'density_penalties': {}}]"
enterprise_blizzard_severe,20260243,drqn,600,55,42,153.8877,1.0,0.7636,153.8877,,,0.6667,0.7,-0.0333,6448827255->6448827254:47;6448827254->6448827255:43;6448827254->6404901788:30;6404901788->6448827254:26;13506868210->3637550196:20;3637550196->13506868210:20;1859112777->6677331620:17;6677331620->1859112777:16;8118847139->8118847187:16;5233943896->5233943894:16,1.0,2,0.8333,6,,,,,0.5,2,1.0,1,0.5,6,1.0,3,1.0,2,1.0,3,1.0,3,,,0.0,1,0.5,2,0.9091,11,0.5,2,0.0,1,0.7143,7,0.6667,3,0.8621,29,0.7,10,0.5,4,0.6667,12,0,False,False,,,"[{'agent_id': 2, 'node': 8496637478, 'goal': 12507265538, 'current_target': 12507265538, 'committed_next': None, 'candidates': [], 'q_values': [-152.5042266845703, -156.2504119873047, -153.1847381591797, -155.3710479736328, -153.02786254882812, -122.81985473632812, -107.85540008544922, -0.3375800848007202, 0.04600946605205536], 'masked_q_values': [-152.5042266845703, -1000000000.0, -1000000000.0, -1000000000.0, -1000000000.0, -1000000000.0, -1000000000.0, -1000000000.0, -1000000000.0], 'action_mask': [1, 0, 0, 0, 0, 0, 0, 0, 0], 'density_penalties': {}}, {'agent_id': 7, 'node': 10200584567, 'goal': 1530249024, 'current_target': 1530249024, 'committed_next': None, 'candidates': [], 'q_values': [-150.89944458007812, -154.67355346679688, -151.59756469726562, -153.95008850097656, -151.49807739257812, -121.3199691772461, -106.97159576416016, -0.366259902715683, -0.025872811675071716], 'masked_q_values': [-150.89944458007812, -1000000000.0, -1000000000.0, -1000000000.0, -1000000000.0, -1000000000.0, -1000000000.0, -1000000000.0, -1000000000.0], 'action_mask': [1, 0, 0, 0, 0, 0, 0, 0, 0], 'density_penalties': {}}, {'agent_id': 28, 'node': 6448827255, 'goal': 11379749715, 'current_target': 11379749715, 'committed_next': None, 'candidates': [], 'q_values': [-140.93136596679688, -143.75070190429688, -141.29360961914062, -142.1357879638672, -140.6204376220703, -113.3402328491211, -99.18721771240234, -0.34436866641044617, 0.1467529982328415], 'masked_q_values': [-140.93136596679688, -1000000000.0, -1000000000.0, -1000000000.0, -1000000000.0, -1000000000.0, -1000000000.0, -1000000000.0, -1000000000.0], 'action_mask': [1, 0, 0, 0, 0, 0, 0, 0, 0], 'density_penalties': {}}, {'agent_id': 35, 'node': 10208283972, 'goal': 11379749715, 'current_target': 11379749715, 'committed_next': None, 'candidates': [], 'q_values': [-156.92868041992188, -160.66627502441406, -157.45074462890625, -159.87841796875, -157.40029907226562, -126.02477264404297, -111.11294555664062, -0.28897976875305176, 0.10461007058620453], 'masked_q_values': [-156.92868041992188, -1000000000.0, -1000000000.0, -1000000000.0, -1000000000.0, -1000000000.0, -1000000000.0, -1000000000.0, -1000000000.0], 'action_mask': [1, 0, 0, 0, 0, 0, 0, 0, 0], 'density_penalties': {}}]"
enterprise_blizzard_severe,20260244,drqn,600,55,39,106.7433,1.0,0.7091,106.7433,,,0.25,0.6923,-0.4423,8118847448->4374241258:58;4374241258->8118847448:57;504886729->509912240:44;509912240->504886729:39;1658558235->1525461639:38;1525461639->1658558235:32;12954702511->12954702516:31;1525526219->1519095249:31;1519095249->1525526219:30;12954702516->12954702511:28,1.0,1,0.8125,16,1.0,2,0.5,2,,,1.0,1,0.0,2,0.5,2,0.0,1,0.6667,3,0.8,5,,,1.0,1,,,0.75,8,,,0.5,2,0.6667,9,,,0.7632,38,0.6923,13,,,0.25,4,0,False,False,,,"[{'agent_id': 2, 'node': 10125220286, 'goal': 1525435905, 'current_target': 1525435905, 'committed_next': None, 'candidates': [], 'q_values': [-141.21701049804688, -144.11488342285156, -141.53421020507812, -142.48846435546875, -140.85635375976562, -113.73998260498047, -99.37804412841797, -0.357254296541214, 0.1285761445760727], 'masked_q_values': [-141.21701049804688, -1000000000.0, -1000000000.0, -1000000000.0, -1000000000.0, -1000000000.0, -1000000000.0, -1000000000.0, -1000000000.0], 'action_mask': [1, 0, 0, 0, 0, 0, 0, 0, 0], 'density_penalties': {}}, {'agent_id': 22, 'node': 6296618615, 'goal': 1400581573, 'current_target': 1400581573, 'committed_next': None, 'candidates': [], 'q_values': [-153.07025146484375, -156.75762939453125, -153.6357421875, -156.0305938720703, -153.20033264160156, -122.41986846923828, -108.58946990966797, -0.30563002824783325, 0.019865170121192932], 'masked_q_values': [-153.07025146484375, -1000000000.0, -1000000000.0, -1000000000.0, -1000000000.0, -1000000000.0, -1000000000.0, -1000000000.0, -1000000000.0], 'action_mask': [1, 0, 0, 0, 0, 0, 0, 0, 0], 'density_penalties': {}}, {'agent_id': 29, 'node': 10554874836, 'goal': 1525435905, 'current_target': 1525435905, 'committed_next': None, 'candidates': [], 'q_values': [-148.33160400390625, -151.98776245117188, -148.9476776123047, -151.02041625976562, -148.65109252929688, -119.27780151367188, -104.61974334716797, -0.3422952890396118, -0.016310617327690125], 'masked_q_values': [-148.33160400390625, -1000000000.0, -1000000000.0, -1000000000.0, -1000000000.0, -1000000000.0, -1000000000.0, -1000000000.0, -1000000000.0], 'action_mask': [1, 0, 0, 0, 0, 0, 0, 0, 0], 'density_penalties': {}}, {'agent_id': 34, 'node': 10554874836, 'goal': 1525435905, 'current_target': 1525435905, 'committed_next': None, 'candidates': [], 'q_values': [-146.69126892089844, -150.31961059570312, -147.30056762695312, -149.33969116210938, -147.04019165039062, -117.9994125366211, -103.42623138427734, -0.3419487476348877, -0.03245992958545685], 'masked_q_values': [-146.69126892089844, -1000000000.0, -1000000000.0, -1000000000.0, -1000000000.0, -1000000000.0, -1000000000.0, -1000000000.0, -1000000000.0], 'action_mask': [1, 0, 0, 0, 0, 0, 0, 0, 0], 'density_penalties': {}}, {'agent_id': 39, 'node': 1520496531, 'goal': 1529792772, 'current_target': 1529792772, 'committed_next': None, 'candidates': [], 'q_values': [-142.86215209960938, -146.23130798339844, -143.30043029785156, -145.62655639648438, -143.21975708007812, -114.6850814819336, -100.45366668701172, -0.3161538243293762, -0.1168639212846756], 'masked_q_values': [-142.86215209960938, -1000000000.0, -1000000000.0, -1000000000.0, -1000000000.0, -1000000000.0, -1000000000.0, -1000000000.0, -1000000000.0], 'action_mask': [1, 0, 0, 0, 0, 0, 0, 0, 0], 'density_penalties': {}}]"
enterprise_blizzard_severe,20260245,drqn,600,55,41,96.3386,1.0,0.7455,96.3386,,,0.6667,0.6667,0.0,11152576835->11152576834:64;11152576834->11152576835:63;12964600180->6405278903:58;6405278903->12964600180:58;10269991846->8685755886:44;8685755886->10269991846:43;11181443777->11181295893:21;11181295893->11181443777:14;6983068175->10276834159:13;10276834159->6983068175:13,0.0,1,0.7857,14,0.6667,3,1.0,2,,,1.0,6,0.75,4,,,1.0,4,,,0.5,2,,,,,0.5,2,0.7143,7,,,0.5,2,0.6667,6,0.5,2,0.7805,41,0.6667,6,0.5,2,0.6667,6,0,False,False,,,"[{'agent_id': 12, 'node': 1519095242, 'goal': 8119358124, 'current_target': 8119358124, 'committed_next': None, 'candidates': [], 'q_values': [-131.9029541015625, -134.36032104492188, -131.94479370117188, -133.0902557373047, -131.37863159179688, -106.11676025390625, -92.26766967773438, -0.3443862199783325, -0.00893653929233551], 'masked_q_values': [-131.9029541015625, -1000000000.0, -1000000000.0, -1000000000.0, -1000000000.0, -1000000000.0, -1000000000.0, -1000000000.0, -1000000000.0], 'action_mask': [1, 0, 0, 0, 0, 0, 0, 0, 0], 'density_penalties': {}}, {'agent_id': 23, 'node': 12964600180, 'goal': 5808050692, 'current_target': 5808050692, 'committed_next': None, 'candidates': [], 'q_values': [-153.31492614746094, -157.33543395996094, -153.317626953125, -156.19149780273438, -153.84237670898438, -122.31255340576172, -109.43746185302734, -0.21037985384464264, 0.11597646772861481], 'masked_q_values': [-153.31492614746094, -1000000000.0, -1000000000.0, -1000000000.0, -1000000000.0, -1000000000.0, -1000000000.0, -1000000000.0, -1000000000.0], 'action_mask': [1, 0, 0, 0, 0, 0, 0, 0, 0], 'density_penalties': {}}, {'agent_id': 28, 'node': 8119328771, 'goal': 5808050692, 'current_target': 5808050692, 'committed_next': None, 'candidates': [], 'q_values': [-152.70950317382812, -156.99896240234375, -152.50070190429688, -155.78782653808594, -153.0325469970703, -121.3221664428711, -109.58612823486328, -0.22372393310070038, 0.09419898688793182], 'masked_q_values': [-152.70950317382812, -1000000000.0, -1000000000.0, -1000000000.0, -1000000000.0, -1000000000.0, -1000000000.0, -1000000000.0, -1000000000.0], 'action_mask': [1, 0, 0, 0, 0, 0, 0, 0, 0], 'density_penalties': {}}, {'agent_id': 37, 'node': 11152576834, 'goal': 8119358124, 'current_target': 8119358124, 'committed_next': None, 'candidates': [], 'q_values': [-134.1951446533203, -136.83006286621094, -133.98068237304688, -134.21202087402344, -133.23104858398438, -107.85388946533203, -94.99456787109375, -0.2877645492553711, 0.3816167712211609], 'masked_q_values': [-134.1951446533203, -1000000000.0, -1000000000.0, -1000000000.0, -1000000000.0, -1000000000.0, -1000000000.0, -1000000000.0, -1000000000.0], 'action_mask': [1, 0, 0, 0, 0, 0, 0, 0, 0], 'density_penalties': {}}]"
enterprise_blizzard_severe,20260246,drqn,600,55,40,144.3176,1.0,0.7273,144.3176,,,0.5,0.8182,-0.3182,384805303->1519095265:31;1519095263->1519095256:29;1519095265->384805303:28;1519095256->1519095263:28;1519090083->384805303:17;1519095248->10554949191:17;10554949191->1519095248:17;384805303->1519090083:15;1525526326->10940155272:15;1578589337->1525435909:15,1.0,4,0.9231,13,0.5,2,1.0,2,0.0,1,0.5,2,0.6667,3,0.25,4,1.0,1,,,0.6667,3,,,1.0,2,1.0,1,0.7143,7,0.6667,3,1.0,1,0.4,5,1.0,1,0.7647,34,0.8182,11,0.5,2,0.5,8,0,False,False,,,"[{'agent_id': 9, 'node': 6548018100, 'goal': 7116548708, 'current_target': 7116548708, 'committed_next': None, 'candidates': [], 'q_values': [-151.80679321289062, -155.69683837890625, -152.13265991210938, -154.61370849609375, -152.18798828125, -122.08654022216797, -107.23479461669922, -0.3111041784286499, 0.07685936987400055], 'masked_q_values': [-151.80679321289062, -1000000000.0, -1000000000.0, -1000000000.0, -1000000000.0, -1000000000.0, -1000000000.0, -1000000000.0, -1000000000.0], 'action_mask': [1, 0, 0, 0, 0, 0, 0, 0, 0], 'density_penalties': {}}, {'agent_id': 14, 'node': 10940155272, 'goal': 1525462063, 'current_target': 1525462063, 'committed_next': None, 'candidates': [], 'q_values': [-155.57937622070312, -159.30426025390625, -156.2513885498047, -158.5284881591797, -155.980224609375, -124.82750701904297, -110.21302795410156, -0.3056528866291046, 0.0759967714548111], 'masked_q_values': [-155.57937622070312, -1000000000.0, -1000000000.0, -1000000000.0, -1000000000.0, -1000000000.0, -1000000000.0, -1000000000.0, -1000000000.0], 'action_mask': [1, 0, 0, 0, 0, 0, 0, 0, 0], 'density_penalties': {}}, {'agent_id': 21, 'node': 11181443779, 'goal': 1525462063, 'current_target': 1525462063, 'committed_next': None, 'candidates': [], 'q_values': [-152.28602600097656, -155.95518493652344, -152.94020080566406, -155.16091918945312, -152.863037109375, -122.43679809570312, -107.67469024658203, -0.30812305212020874, 0.031899914145469666], 'masked_q_values': [-152.28602600097656, -1000000000.0, -1000000000.0, -1000000000.0, -1000000000.0, -1000000000.0, -1000000000.0, -1000000000.0, -1000000000.0], 'action_mask': [1, 0, 0, 0, 0, 0, 0, 0, 0], 'density_penalties': {}}, {'agent_id': 23, 'node': 1578589337, 'goal': 7116548708, 'current_target': 7116548708, 'committed_next': None, 'candidates': [], 'q_values': [-154.27662658691406, -158.03102111816406, -154.6985626220703, -157.0989990234375, -154.72293090820312, -124.06073760986328, -108.88265228271484, -0.28792262077331543, 0.10340963304042816], 'masked_q_values': [-154.27662658691406, -1000000000.0, -1000000000.0, -1000000000.0, -1000000000.0, -1000000000.0, -1000000000.0, -1000000000.0, -1000000000.0], 'action_mask': [1, 0, 0, 0, 0, 0, 0, 0, 0], 'density_penalties': {}}, {'agent_id': 26, 'node': 11181443779, 'goal': 1525462063, 'current_target': 1525462063, 'committed_next': None, 'candidates': [], 'q_values': [-152.05447387695312, -155.7603302001953, -152.7659454345703, -155.04940795898438, -152.70974731445312, -122.46459197998047, -107.49168395996094, -0.34083235263824463, 0.015972182154655457], 'masked_q_values': [-152.05447387695312, -1000000000.0, -1000000000.0, -1000000000.0, -1000000000.0, -1000000000.0, -1000000000.0, -1000000000.0, -1000000000.0], 'action_mask': [1, 0, 0, 0, 0, 0, 0, 0, 0], 'density_penalties': {}}, {'agent_id': 40, 'node': 384805303, 'goal': 1525462063, 'current_target': 1525462063, 'committed_next': None, 'candidates': [], 'q_values': [-151.16831970214844, -154.8626251220703, -151.8342742919922, -154.01820373535156, -151.64694213867188, -121.53717041015625, -106.84935760498047, -0.3337058424949646, 0.00888921320438385], 'masked_q_values': [-151.16831970214844, -1000000000.0, -1000000000.0, -1000000000.0, -1000000000.0, -1000000000.0, -1000000000.0, -1000000000.0, -1000000000.0], 'action_mask': [1, 0, 0, 0, 0, 0, 0, 0, 0], 'density_penalties': {}}]"
